R,G,B
20.397281551320148,22.82617818167528,26.813677106733714
21.622784820204476,23.155931002647517,24.961481393524455
19.806783097730765,23.899200850733884,27.383556851778014
21.630697519322535,24.461086144766746,28.040460885169047
20.623687057601202,23.095766809198544,25.43662366521925
20.916864438923234,23.251343220918606,26.039967760499806
19.46456580624378,22.784441019988623,25.828973877545497
20.31423313449619,22.28707891609355,24.276394425831874
16.856123353618667,20.6373993729237,25.001065147560734
21.85288593309178,23.942103816968235,25.95808576297054
19.447994734633415,22.033610119916666,25.361644330681134
22.790028970176262,24.441932465925824,26.24511254539637
21.41511975471911,24.610830451592392,27.64298145359883
19.58839077891879,22.710324098137775,25.703764726099994
19.60870127015817,22.617420257553952,25.2772681429379
22.05652894948789,24.85618953216698,27.237954827616736
19.11296099270381,21.243223264337377,22.756908301078827
20.778950975751737,24.320598265580756,24.930650749311443
22.954205625711875,25.767201795167875,28.892358149740677
21.674229028747888,25.38880099182721,28.68462565048463
21.819044887385985,23.38221039324867,24.804984718023075
22.134867476605304,23.43300753813849,24.358640544000064
19.610447252890562,22.698246074950198,25.10655786810566
18.8163917755041,21.67990239263398,24.64267797804952
20.477363268573406,22.41679119408198,25.203906511525318
24.71017658534167,26.096003165180644,27.610512341291024
19.86333615009196,24.044465175045197,27.813743270164196
18.162939077840203,21.97704143475632,25.168430795474055
19.803679514290412,22.637167165852194,25.214314035194548
21.043821013217837,24.609739310758997,28.062690576516676
18.97379700929424,23.046586387838722,26.42621845863204
19.82173297275134,23.28952739932316,25.916497982496256
21.44800906300988,21.726140362631558,25.333867718477556
21.202108101635545,23.781089785514233,26.645497107178116
20.98879263770226,24.39360211097777,27.847235701773425
16.675407926161117,23.007163395895738,28.529551701055997
20.619384144021367,24.190728758192186,26.490334136947517
20.503662485149597,22.433729509108623,24.252657830397357
23.984954302361732,26.303665626508923,28.260231674668265
21.19177263450052,24.14028838963488,26.106342585408377
20.379040066810283,22.93511932384298,26.035524929193688
17.87783697045878,20.98122974271158,24.178606202727913
18.17266436928461,21.948400858369464,24.82453648884263
21.03739206727059,23.327839259925227,26.024591535484912
21.364465005124732,22.82706285039114,24.526170145971978
21.562639095424185,23.08585796061603,26.19009418883435
21.18550813394997,23.204840276807072,24.894699932480606
22.753364327190635,24.42646554387386,25.92604454896199
20.360916932707187,23.494632154803963,26.443608390641327
19.638201116144035,22.857886173408577,26.048958044503316
21.48991303375825,24.635543219322575,26.88136665789687
20.610563180113278,23.164340345778097,25.656364720202127
20.585922790646993,22.83662765149945,24.949447812223937
23.105286841195376,24.8715578911195,26.029639713030704
23.951447397171087,24.913959613291063,26.067390392755033
19.118971314015216,21.473753736880997,23.597507681783306
19.326381504715634,23.42977415315212,27.363374068782257
20.57250629784996,22.906107065519755,25.875785985207724
22.814308468662677,24.39250199166328,26.11291044223826
21.743534228344455,24.634721245254557,26.80820367257324
22.213480758889673,24.054750515036975,24.351554638086107
19.548175958787226,22.14040829106169,24.45668078305191
21.22168351761607,23.389117305661415,26.33192064614617
21.20107565277432,23.906182269123928,26.672508499416097
20.22309533965384,23.632753336563574,26.91277632921743
21.710112571901515,23.809130001520604,25.92606134756107
16.568375598648934,19.77480251021176,25.10171767730894
18.98213421744885,23.084979929483357,26.631468728101385
20.85933141837309,23.767093804689736,27.451027638408082
23.146285798625648,25.049880570449048,26.651139457348716
22.893767808415554,24.55079340578038,26.165515768729264
20.524999378550792,23.941306445331655,27.33714336922048
21.235669167515,23.828654873309425,26.25670867922433
18.380598600522564,21.362897872826764,25.51883603563715
23.19856843930224,24.915637516988202,26.521523351211616
18.41466748588635,20.655211438629035,22.47451369714283
19.11087911170026,21.5270934746115,24.579571209650318
17.73984730817869,21.623484747404696,24.815988175224412
20.260011695066286,22.855407250662143,25.40089343070532
19.433396655512276,23.004392141550532,26.33095069012351
21.418812944865365,23.42630321327391,25.671955276033554
17.840393408022166,21.568614854377394,25.331337395230353
20.65305328899685,23.640002777146705,25.88153178564229
21.88655391243286,24.14606871216512,25.992398624484142
19.490341073329965,21.64604020553608,23.390093303663583
19.573434454794263,22.505656870756745,24.875885257114156
15.883149625160597,19.545882186597144,23.475324127714238
19.17879985159075,21.73762170191351,24.953449998430425
24.253728754487728,25.09156196124713,26.00516913761248
23.53192456334758,25.027602083120165,26.269709765855957
19.852093965365476,21.21875650254133,23.3532403873283
17.85492777458149,21.107483957653837,26.860712107589404
19.736949820341604,23.631846872758743,27.08674189879422
20.40651866734375,23.51769585031467,25.739163051758876
23.643027812214427,24.750839291372447,23.909123151503234
21.917131677229804,24.32381255241609,26.75572328044617
20.46937802368143,23.315943532209364,25.76118666962661
21.60609700567199,23.043880005013467,24.43786702432135
21.33091405956878,24.20640953658785,26.285178966472092
18.633969787511877,22.4691571173988,26.252959656917035
20.825383599547976,21.901870877225708,26.859740270261575
21.68599943313526,24.582507058406954,26.694673657662154
21.10630104871432,23.54777440440828,25.544852970437585
16.647273111228962,22.21675334752199,27.35844928013758
21.375255959120842,24.2505588911803,26.40997074931033
20.376473829353866,22.41131867279953,23.794901516962522
20.152014948277763,23.654981674070466,25.976415889465567
20.45977768798938,23.421878672494085,26.893411128162217
22.124621484618512,23.263558965302312,23.937344605249997
19.945742188015625,22.562716909772643,25.74310424745635
20.331586429134244,23.087268057663618,25.699942927239906
23.051156197194715,24.86637757940903,25.529788406978657
17.540732759359067,23.651073070904598,28.674639016579814
21.59775925896796,24.460678995324614,27.526162044719463
21.85914966767599,24.05355101520843,25.972874420813984
20.86730705361076,22.96541499102758,24.456628863828296
17.47498810628513,20.587201110302,23.27988347458126
19.961163618241695,21.803593869186777,24.363768220877002
18.967942094611036,21.60613507725931,24.176245994541123
18.62472859444639,21.958896780404153,24.805319826305173
20.156367869122576,22.640350408935884,25.343409899762783
20.482536533708902,24.084985119852014,27.38102709053027
23.738376027086773,26.11292900989996,27.85196166742011
23.245857489400553,24.30400665466274,25.46863429254773
19.6965666097442,22.4798274759415,25.29407566228136
18.165167253593594,22.159530907948,25.892319316403526
20.125596687654117,23.23934932048748,27.65332851469452
21.88375123154791,23.636805489054897,25.322525284989922
19.738918115016997,22.36926363851319,25.176964180519516
21.00411905631685,22.18514156899595,26.746538696743944
22.598142732290857,23.964512278674253,25.66858125937271
22.251029071519454,24.240036036630922,25.501978547605937
18.511715996308887,22.965618782124075,26.147541273805917
18.861305701416736,21.398708192681493,24.632931076471426
23.920606957704134,24.90808497244866,25.941955462003026
20.842377753446332,23.285724496582155,25.535896813144873
22.639985208152673,25.291667036378158,27.42586539990157
22.25950557555144,23.52749749761837,24.947169772711813
19.10317567806371,21.564798721236112,26.948796693252362
17.156172338363824,20.779713340933764,24.21252012314468
18.27355403631457,22.695400359522782,25.756141950585498
21.991980611511675,24.061614934014198,24.93448637629174
22.488488588872322,24.10279569979302,24.975976368621996
19.786811299241048,22.501938330932905,25.852382941470715
21.215699483873763,24.489134690055778,27.41067970085482
21.104912175261116,22.889305457349696,24.621142816403488
20.347457329655718,22.719143697468414,25.87571358339638
22.042464312531987,24.292144253240842,26.432606416065973
22.906682641033548,23.293732239392035,23.40421825887101
18.48380440340168,22.218398633046004,26.51029487210171
23.31435770363151,24.93239447981692,26.277948988352367
21.34857600816562,24.40125583386854,25.991794329592366
22.557702350561062,25.58496067318659,28.200162327086556
20.360774774543902,22.72651481455048,24.84362060660512
20.87532305150324,23.507426825008313,25.24557338040527
18.338552587756727,21.19130325616228,23.39327589804017
22.386301669226782,24.568794048022088,25.378626870108913
22.317465713835613,24.008964964195624,25.65537222596946
18.3250694013379,24.109737923423324,28.78358100834603
22.701540469035592,23.785756059026266,24.729565305198346
17.586966780257693,22.528865145906344,27.75735077717567
17.786151390825186,20.58091117778479,23.581985211413677
18.594912932422222,23.299571692217395,27.40837118205959
20.6876522342477,23.449096320837455,25.888342816690642
20.839346921412705,22.710064260258854,24.506532663789972
20.130389008962904,23.912154165591126,27.446154431638146
20.18653759214628,24.600294602073472,28.11398418265436
20.48756641802158,23.309153577416925,25.900624074018673
21.029488526151987,22.871900373210114,24.246826058020314
21.302853035254792,23.47458431781668,25.460167823865948
18.174729523775664,23.46077765668643,26.872164621806657
21.033679869870348,22.971864312068345,24.590343014021894
20.74730959398825,24.638251857373902,27.39848320020281
21.345013408755225,24.22439785167747,25.76195133826598
21.90666855879209,24.600023181114338,27.24067803708017
19.806650598033873,22.412419112017627,25.036281501770336
22.524082659244456,24.584431094258534,25.347520390237722
22.764151447676998,25.274982483838393,27.412510249521397
21.64353173671415,23.672499672557343,24.840222831501602
21.542602393089613,24.13743487262485,26.280125246024475
23.573240218532078,24.908366653326866,25.513555468914106
20.041929706321323,22.273016643597423,25.00244787952061
20.502032217315996,23.971401796538647,26.999774213320325
18.72820881237226,21.05150324660054,24.04977731428199
18.81221587700846,20.96722056582705,23.81726635781994
23.74043547727408,24.727075520809432,25.053911131968047
19.106582601350134,22.762854058276687,25.99126533884015
22.6041140826204,25.11344185422973,27.301757002767975
21.945654341997315,24.12017501177417,26.059953324473927
22.266015826773394,24.50271425208842,25.86335510532829
21.736494804201005,24.36581014371583,26.481904869843063
21.559356969214704,23.976780795936733,25.515077033823967
21.824932668229952,24.50190490122379,26.3555676462121
19.60713642056268,23.45639110512288,27.43638769126484
20.761735793820414,24.240506986673285,27.22298607259133
21.674326431780333,24.447212717171347,26.60557776502446
16.93270497620453,22.91981225151203,25.766974501035417
18.82972365408597,23.311717645157277,27.04370230010547
22.770051454911545,26.326580592825113,27.375170080182336
20.595554390800142,22.554589741431133,23.73368347115549
22.235036246934172,23.91314251226312,28.13838933559306
20.661073045921384,22.680913377570427,24.31360194148261
22.27897853641436,23.902260424343318,25.64202313580659
23.17095518411028,24.384885868777587,24.89933426909047
18.84401832724801,21.3772939535447,23.767112531188577
19.029411226396114,21.61050436577444,24.61485487615871
22.807483425044488,23.18593466729585,24.131310497949205
16.78696009318834,20.177998611392333,23.72745970502103
20.36776152496513,22.40579059085051,26.492055880697446
21.61697044613928,24.620298686511184,26.10208692494701
21.458434580855094,23.62850153840337,26.351974694280067
20.616062173135887,23.08463872293208,25.44285213891025
21.09585017014132,23.506216160285305,26.328392344155098
20.213476211792617,22.756800399514763,25.140478891237333
20.952148275852387,23.461101429567645,25.15007190695907
21.62732277442388,23.572360158734423,26.24874028466688
21.206068554564848,24.019042791592234,26.383957096712386
21.101188489600595,24.121052850145986,25.311639428919882
20.327592898906936,24.845690964179894,28.51405844780704
22.649618024385163,24.367495765462326,24.955505565872002
19.653866486452497,23.16480285975828,26.45336471746436
16.876015402822535,21.78921423327791,27.0643940094132
18.726861216056097,21.690596286617357,24.57123578840019
18.292874438522272,21.655656339235847,25.136408476157655
17.90758140579231,21.531778109741765,24.824674592965106
17.63091969654455,22.053228379838732,25.15768588698857
22.323659522526608,24.540984962791914,25.50659818685084
22.181411242341014,23.812997514734725,24.7613342152566
21.198523830370693,24.201037253615496,26.92873045027644
18.198656943859756,21.86515885367299,25.185802862074876
21.258919858442745,23.173227510293042,24.769664035781194
21.10841062701349,23.685445057476898,26.065723912722476
19.771640010971048,21.953188088707524,24.15645188154793
19.119273393157002,22.23262787467174,25.4085730194221
19.602147607622676,22.41167649986668,24.492671224590417
23.743503414727815,25.017810164939387,25.651486389533442
17.97428287913173,21.760077905650466,26.3194379050932
17.64178044122732,19.976371472016133,24.106259799685503
19.757307592571603,22.86441829900669,25.902431138778486
18.331973434374767,19.98276182957957,23.963804294146026
22.335335418490796,24.70578760324378,27.203330340052812
22.915019029850704,24.6912792709449,25.998220765347433
22.1375256903485,23.741298129045962,25.188374827640278
23.741808589915077,26.29270871021625,27.298852108750296
20.380761320870764,23.07504458995609,27.13433394183299
22.70751307564753,25.347811861218254,27.721035712512865
23.28005967747634,25.16456500624026,26.465130229875445
18.156905932877105,22.4590158775797,25.50603272474744
21.852514088818282,23.98537091080236,26.07947111066744
20.36536398806333,22.194149337690845,24.577153599251385
20.446947174888862,24.286216493010013,27.34665686841426
22.86024162281232,24.348741932770572,25.54602753856259
23.819158231923485,24.65700205303689,25.71876765368503
20.133939921470564,22.46612963701736,25.16007503894006
19.811366369075717,22.659255997298374,25.104126854636494
22.122530951313884,24.54635213597624,26.865126795132394
20.986623335167724,23.543477388672432,25.910507938409896
23.067508543880596,23.96056233911957,25.412643943237025
20.738328855994286,23.617513869846544,25.92311080120736
22.816218789632373,25.431197228540135,27.556049785780903
21.864213539861872,24.061415511173013,25.689641208192914
20.218180567641205,23.126255820817953,24.41228261352857
22.810573599932564,25.50037913331966,27.970583474336323
23.74093585498116,25.484535351056426,25.905858634127352
22.160450539998973,23.599689382306856,25.5981878204915
22.156271029428638,24.15180248325853,25.41153422704719
18.955814497051794,23.020159966570652,26.071959204359683
22.149653439636772,24.2685210612453,27.34445967512943
21.21597520794727,24.041992568940778,26.18893330747448
17.861608934026965,22.143443325958632,26.224070538452494
22.325268673749168,25.30584061561312,27.529477161907103
16.671360722527886,20.287688763319032,22.93253253521952
21.458990457247676,23.523206586308902,25.612628875333208
19.98943445060147,23.317146223846073,26.09975222225515
22.71023149221494,25.02072194500532,26.742695223014547
22.258734378166462,23.560064267311503,24.240356523745316
18.970048085212046,21.150093129932305,22.952863287877577
21.87741635825687,24.013398266632223,25.753510741843407
19.408911358974635,21.25030439560171,23.36373195884994
19.251753085330698,22.627120955700388,25.479760133247456
19.037388487228267,22.815308500308166,25.900182185479462
21.16000408876465,23.65446198328402,25.58267907610995
21.171884796675595,23.14737892163287,25.389784254190214
15.717328983668745,18.4085713162556,22.221276355981658
20.839292994603174,23.208187084847207,25.39427330018627
18.47591665880882,21.208602319429723,25.053540237445795
19.07199297551199,21.100667377087124,24.723866768720516
20.151638562620988,23.211100163709187,26.742330222466112
19.436789446654906,22.986731149936542,26.68733600054791
20.932203067765514,24.170762487593162,28.020009269987685
17.919593432947675,20.552881730355114,22.968009351678912
25.061383756031727,25.4232071731387,24.708585118134913
18.448134352044878,21.14790483167833,23.583538026215113
16.834238952354738,21.720841489407118,27.140542134444864
19.657452683688504,22.59521277165838,25.42449040981186
22.751175576427954,24.883411527728764,26.91834541406285
21.450502400103304,24.189844903844914,25.83768392528007
18.281891184435477,22.402573573354918,24.808040409530825
19.57558356411498,25.17504922512136,29.315484007073238
21.77186107886065,23.992258972752133,26.618805131836684
20.935090431182235,22.29889445862415,27.138672582202744
19.474976186367492,22.453048803419723,25.17491091312124
20.8917941392745,22.446015492595258,25.797977488840235
20.803423858237316,22.826512434047842,24.831818285759496
20.717511320703093,23.581847550661273,25.63954491537248
20.093320493514714,22.64110560837451,26.291677796213342
20.58456854961867,23.190535333257387,25.36594793922205
22.405349329596312,24.56310242361142,26.518450555126268
21.49218993673991,23.758309661743404,25.105313768646717
21.548159712953446,24.43393306541016,26.778420915754065
22.434845609637257,25.135715619377358,27.4190287262001
20.11230752978702,22.360741617266054,24.105714252770053
20.121330906259118,23.197798290721224,25.73229267328641
14.5124581697236,17.633736216846426,21.604246903293163
20.221229240199207,23.43420246685407,26.997338730142026
24.54815805710991,26.680522048565653,29.07774119413488
18.492392542093178,22.16962222454429,26.155580417089975
22.57645928742283,24.685724910523735,26.29430148991952
21.78918431866769,23.626832618415367,26.27549345882629
22.66782232207961,24.270473572314184,25.57762964389208
22.87043594045692,24.56340014735805,26.129642739422305
20.825854818900222,22.97364351814622,25.216888331128246
22.435865420880685,25.17012557857867,27.853730084383276
21.495559602003116,23.864307361999888,25.322030293787453
21.576715696770385,21.789551949276103,21.426914765412956
20.78578299647236,23.341676409660828,25.87306174153334
21.509678541752827,24.174109743688106,25.928970307596966
20.768445555637218,23.43547630309919,26.44191356887689
22.486695177443565,24.038874135494517,25.453137657643556
21.707560321397104,23.793164240636123,26.000336392638523
23.240135607669067,24.481741246082596,25.67458380048399
19.906959759842376,20.902172934013496,22.67190705227798
20.329905666574028,22.39202318245435,24.2519139547729
20.860045043499152,23.743972264232426,24.947909393875538
19.78228012027156,24.26181648777255,27.93826991494819
21.928311598220038,23.648179660129014,24.382382551551597
20.54186547085753,23.937463550505974,26.946122254178597
20.26005987931418,23.730435032356908,25.566019548476415
19.37983732268084,22.905347312113232,26.31535414647426
21.46620259481023,23.776312378447862,25.86821010058713
19.260138065060072,22.056344762058416,23.95908877882136
24.30550131368816,25.62580553906091,26.927841327933102
21.097022889552566,23.2163086943361,25.452267294482063
21.773231367862746,23.968067890349335,25.841470720572328
21.94515581815928,22.862503390782056,24.77291929444118
18.95667677879965,21.127216470039137,22.58360770555799
21.153206749899482,21.930186962998178,23.04765522298268
21.32526678376199,24.53531765931005,27.118228162558797
21.673644838360342,23.891773404760805,25.739558698549537
19.50840956261126,23.384140446038934,27.553010409653556
22.963162365781685,25.27884769674536,27.6502656347055
20.694476512319675,23.388262463624073,25.60840864587597
23.232575722164576,25.37011176166361,26.22883525211977
20.323239797566533,22.818584701170227,24.99962624928802
21.14772874227829,23.406866427881024,25.74923348743658
19.905746661513863,21.16004058761729,26.069269432135272
19.903900214568985,22.7970979572311,25.40314781949735
21.656728833330263,23.054160163468236,26.088984930940633
21.262033026716487,23.038276940993725,25.375802394738443
21.36740191238888,23.23387877382364,26.331523980150433
21.526187275106796,24.08551739768273,26.209493159845827
17.929850784237257,22.296216584451095,26.208523729097852
18.54493320387702,22.611398608336234,26.384915784874718
21.745355301314838,25.160155984434972,28.219574113198874
21.82250181687791,24.202387065877986,25.219093732636093
21.107444440161554,23.76936487260825,26.01055185700885
21.39358650323549,23.996737422894764,25.920602567867924
20.06647436993336,22.920135202900685,26.10726345153769
23.0898278336897,24.004092842090788,24.748345455434375
19.947961564565922,23.19453011092038,26.764821051420835
25.571980014178077,25.451000292381366,25.13786169865302
20.21171678196356,23.94931430244001,27.548509190973952
20.06546739978886,22.33980623876912,25.127239185538656
21.352562894467148,23.560299841654206,24.715501493743492
21.637750017095083,23.224246553467534,24.54592552728352
20.779168869560998,22.113543833658404,26.653867405030173
24.755965534761255,26.287979246171677,27.37180769750147
17.263764805833095,20.764996184758232,24.786884322692583
22.469112382845182,24.185147266639866,25.540676892198867
21.32444294257957,22.859537255604575,24.374389644854
20.624112207896165,23.250144293230903,25.234357861917555
23.069026812112256,23.77963239245838,26.067924074187374
18.907315414581426,23.899330728333027,28.917090408852822
22.059294594759947,24.596387481415455,26.846217048167432
19.467996828029694,23.931706660474063,27.95669818747135
21.191245247286744,23.08640256451082,25.022910020726346
21.982408399702674,24.8696379565403,27.558688944762142
21.465915748608836,23.172860704960573,25.96547120057401
21.974446601095277,23.597863207799627,24.093870363501757
22.539355506634248,24.763345794304914,26.953972006113993
23.683952542480835,24.592404078106494,25.87528972711236
21.618347897148386,23.620647726105407,25.366953001996283
19.948605243441175,21.108890180898054,24.160388287852054
18.202800103839465,22.865836787983994,27.714316799095844
18.84107661909288,23.505587193084466,27.70510569750526
23.75299484317435,24.637170873563992,25.313119540246525
20.512743526889903,23.33794349511693,25.917215518727826
20.18212037765605,23.061464388774787,26.726336649619117
22.097304317048053,23.472615639960964,25.006765474125267
21.85120548983245,23.622849463251136,25.28611180014946
19.006817074667744,22.056933542772743,24.959113893677607
19.677309281677992,21.74120268825477,23.706165510514563
20.522153515921865,23.47221904749927,26.338315297311677
18.659869130582347,21.576088142828535,23.953024114729942
19.945285168950036,22.455194900092952,24.560907938667317
21.148212490078112,24.10961938833459,26.23745089514587
24.263727272808982,26.175170223202503,27.601769717855007
19.257099112288365,23.062734134620776,25.919883170585294
19.1392717877651,23.42109765240176,26.535604688236454
21.6589548601056,24.257033155742636,26.1543756935852
19.89562866840871,23.733037777498797,27.451272122273732
20.85203838078205,23.317791148629517,26.16319723926512
17.120901745322325,22.067257027015554,27.125383186731213
20.531138604354286,24.56890016696098,28.163914640769587
20.179115473317427,23.722976302502598,26.317878260723774
22.18305398120915,24.03123100905223,25.87248891937437
20.707966855360745,24.379684399852525,27.34478588072189
19.9691968440592,22.87262954912937,25.336358751121356
24.085820226191384,24.85445727528978,26.234711480433088
21.660910442893076,24.106756370665764,25.904958730725934
21.579917341676126,23.703047060976193,25.151959892719393
22.425436110154717,24.2357658116366,25.688870559286688
22.771651529638003,23.977721590655367,24.5479313739478
24.07914319329116,24.997377853355147,26.7424563579055
18.3467506932988,20.763539206978393,23.868290080235862
22.50969891957929,24.721093206192293,26.116341001962198
19.111181493627793,22.085838231038643,24.73684142584306
21.16398294458705,23.405369310484698,25.107727731655146
19.221412829639828,22.33639153190676,24.849413130854938
18.403909752552227,21.70097879662999,27.924547679921144
20.53988084773906,22.905832248031857,25.61904352714979
18.91104544361566,24.041851708502968,27.62583965020654
17.12649341765381,21.907655115031844,26.951583805455698
19.90178945076927,22.983235966173325,24.303372695205155
20.44228793558814,22.159012853198647,24.34367176560848
19.70497591220618,23.432410928357648,26.593418480641347
22.474258194877315,24.949512933717816,26.95542192044746
21.27178532139181,23.334505378665295,25.209609588377837
21.263019774518163,24.02988550104387,26.15761452537529
19.236321999944153,22.003365158184348,25.47579760100224
20.942046895531597,23.271978549303363,25.65838657216637
18.81095689361823,20.858982286283087,22.557951315108014
20.52295279721255,22.357754735500418,24.53844423963241
18.498477559161447,22.75971096466366,27.00087711622349
20.278886717107937,24.259966013820467,27.839920242065553
23.994531422718055,24.750927159898932,25.566280248961505
23.153383629153574,24.760674312967435,25.8854491012557
20.626491597624547,23.129128898061825,25.421472499025676
24.547664375801556,25.784980931961364,26.796400992316435
20.937009585820665,23.8196612554376,26.11566112671479
23.019966781273123,24.9443084554614,26.431962652964412
20.208302051849696,22.465547276560226,24.35856986582999
22.512965729525913,24.6409842363158,26.31581564764128
18.969341957050137,20.747712862904052,22.62257747210073
19.72708852511453,22.994032837027344,25.607784392595935
21.700070641612392,24.376754034821285,26.570482381180845
21.884878859893952,24.120004411250406,25.51678594646728
18.95821387232893,23.192154397248828,27.174608892162517
20.935234769434096,23.164506595683132,24.95552079938202
16.902659294018328,21.41047646453841,25.661987870497782
20.183150048528542,23.199597098539844,27.049432835753084
21.16210194250358,23.374519809471153,25.957494720558888
20.136809885381112,23.840367009936205,26.737228966658474
20.25925327761956,22.737585140682157,25.084965387993623
21.20361563332733,23.44382705256478,26.30321798274217
21.491701254865937,22.961150277195095,25.58833595133492
21.13980687427823,23.954924283898023,25.85969940222346
20.2537274943459,22.560468685575117,25.693182948938706
21.07611615122691,24.461106663316922,27.571686630412202
21.780319248070132,23.990500383090794,26.09226799779539
23.70742784712089,24.954372148468448,25.125766074979733
22.525519863367933,24.537949001731473,27.380943502109503
20.817190653368634,23.964684946577975,26.932392840204823
18.39852292904017,21.84539288376342,26.340905366762307
20.086453180830553,22.045546444149995,24.56387749277104
23.103881032937803,24.155971014657766,24.480694724589974
19.848115276197042,22.845234408238046,25.222331517066678
22.468540331717474,24.816077929337514,27.24157158290783
23.2661281759482,24.562996867135176,25.81774429179934
18.702264045064688,22.409973386775015,26.27989373506249
21.755524388144643,23.485192311220707,25.282321037125715
20.296965021720784,25.57981292074446,29.716179909383495
20.98373732403841,23.02332597215252,27.998712383584134
19.811084048798875,22.882329598256636,24.972378763886596
23.25452213486624,25.078313360621735,26.355327513782893
17.84520924090086,20.751633086867077,24.85246782110379
20.697859071036746,24.033469709470822,26.11835726676085
23.904133794923613,25.01248292838595,25.07760803694194
17.82851360288909,21.67749860827145,26.23177325776511
19.52051532819485,21.797445439818254,23.979019047871898
19.21598282795448,22.04198759743806,24.973525682352484
21.623181105376155,24.244848800850267,26.144918572577957
18.345883543223845,22.265458519442504,25.632761111409703
23.042910962169326,25.954968369313224,28.237696705104067
19.897774590796562,24.73135444631528,27.83832162103644
19.75573606558166,22.024094907670708,24.191879943699814
21.13969710017623,23.75965694691861,25.878801551193664
17.776053412919303,23.813683473552143,27.289422609106868
21.657973965902503,23.428498960433394,24.896196455408404
20.73070865059027,24.592832216060508,27.380947810312062
18.25530073757366,20.974893100242557,23.749572169962917
19.872874342200944,22.59100953044516,25.092792945536623
19.985730140108345,22.79290643072723,23.97968987810004
22.12091469885621,25.01007970025613,27.645632439974854
21.544820295483365,24.118074665603896,26.45995460948075
20.036554828716575,23.25020340827816,28.100499561269658
19.311644283482625,22.055933598368643,24.66895266261622
22.64421970516333,23.980841168366236,25.899131072441772
21.068783422252462,23.380171663923722,25.132706866212324
23.095844994476654,24.48557406731519,25.852936500564386
18.82688883131173,21.589602324674114,24.024491627786507
19.155593584737506,21.750812511380857,24.30281722272152
19.43267847486866,22.094301672402104,24.612681646920723
22.018424057799955,24.084368173615324,25.585240322212247
20.063088885304786,22.303389491339,25.459974559928146
21.357483079299925,22.992858340934763,24.621843964771617
19.87693113861001,22.014788496174422,23.740161281553736
19.641109182680456,22.466842910220553,24.727365879375572
16.24381923554178,18.984372634751992,22.29132126900788
19.661801525829578,21.648230344687487,27.802292369556785
23.236581793421795,24.773473443116373,25.486755050617163
18.626604312983854,22.184122479815333,25.24097859293146
16.57157917456897,23.895226973901092,27.997670538777992
21.84563642249855,25.822982840293808,27.977069873920566
19.71494428970944,22.124175769214506,25.405787294973045
23.31952015293769,24.798139903491936,25.51417926793842
23.141754284122847,25.15764869973058,27.15641284468768
22.11643774178548,24.079047553591288,26.08377522174801
22.97521424196662,24.350276191605435,25.62797104758656
22.432695717293623,24.006172754227073,25.084293735586844
19.949449348937794,25.01112459732602,29.045182116722465
22.035901676733012,24.001194317202824,28.35079592482369
22.08687324269551,23.98882457191578,25.70613984702332
19.901290239951418,22.13469386433565,24.26489473789435
18.058675474949876,20.167014401359054,22.33853225465172
19.542206485940955,22.378369989039644,24.57784127883982
16.750634817833877,20.431330349701156,26.009156624435
18.74202073474605,20.870453231457113,23.972167681551582
19.89688363443611,22.96623137740476,27.138702315806253
19.75889951898522,22.498034735214123,26.225834218408455
22.543322663846016,23.646834293976745,25.222920549619346
21.26364806447223,23.91438541733501,26.920012184355805
20.533044477628525,23.120871959851407,25.307032165592844
17.201013077431167,20.867004725867528,26.28059999016769
15.757093063895411,20.16440182205479,24.204379728295844
21.58996882790012,24.301866750433256,26.92696577271022
20.29160328251304,23.435111756042748,25.748829336369592
19.26231101555511,23.29283563008536,26.35124013052209
21.819169974376837,24.269522268881456,26.690577784185475
19.500033688464253,23.11436341783483,26.50939723711418
22.109803721186232,24.01437754194703,25.936303559955523
20.744166791897158,23.482059947695305,25.82964500126451
23.79480283453885,26.789273176562844,28.61595040066315
23.0929013909364,25.121913346689926,26.912938137123376
19.37122003469555,22.90524637356704,26.434865418638733
22.725759896904503,24.435366466728805,24.762528216213877
22.61767350424697,23.381247405700314,23.73290416417869
20.26623363989552,24.703197589627084,28.010278980542882
22.594178117652675,24.73785364812183,26.194398393674835
24.361309278439002,26.30358643287857,26.689190913286843
23.97436273740522,24.6906195137367,25.21754546267839
23.62557835483774,24.457326659516667,25.231724573848386
21.808316053591078,24.39645158730421,26.366189722543837
20.280436302230324,24.051464282534607,27.386377048460833
19.77263736127238,21.90481565367384,23.839196032584983
23.02955103863679,23.78737773339015,24.608587646045553
23.659632139853887,24.36459908966957,25.215703487857855
21.982157606958502,23.743621818284073,25.390813664962185
19.281150232738064,22.27920926072118,24.34843486489377
20.29191385933466,23.18211211625102,25.82579695174223
23.61271593678263,25.241602362742068,26.293101887477548
23.33460403622782,24.67805926908245,25.277336677422515
16.58341362454541,19.309988104558744,23.74741057132313
20.42565230319879,23.69519323201092,27.39393060215677
18.354013912592503,22.150147889770423,25.63846747992662
19.63162120273607,24.271047166465863,27.9511389211909
17.33403436757989,20.655020311769473,23.83135957105448
20.813001848748126,23.99910801899394,26.777493445405245
19.82214684330044,23.129803432189657,25.796139519299903
21.52489540446361,24.937451987351537,28.590536028147515
20.01362924858392,22.621757138890292,24.617671866164333
21.89471552882532,24.464120601624952,26.10241841078033
19.37187890049614,23.324446701382854,26.618607753409925
20.490519229297874,22.513853020031465,24.982337162435996
19.331454486128948,22.546519788292088,25.86870366114802
20.21747309685562,23.175193524054222,25.814925858238148
20.701937862271663,23.136611767298593,25.30403189958149
15.61548065897229,20.457669322612933,25.71296176592239
19.747774746353468,22.5588830982002,23.679000160474466
22.184764733560794,23.95039188501912,25.685513511598774
22.30819228083407,24.890228136247007,27.543313031016645
21.673443991281022,24.070868556168143,26.741295789731563
20.890862132717157,23.064156559782887,25.661083760337597
21.772894089504558,24.66857022580956,26.61533035714473
20.652804965892916,23.71338722549861,25.02626589050491
20.421017109296244,25.193489198338163,28.997563092373834
21.598568285680027,23.26378365604011,23.96816312952967
20.29319027313605,23.594511081177544,26.72227949381969
21.659981369005187,23.389148788728402,25.135211345490394
23.059897118277096,24.006305947874978,25.647783447504935
20.896525896916703,23.11552111130674,24.914383393034406
21.116724229841015,23.733726102969623,25.495874109237285
19.514403309992797,23.11589208152678,26.60207199645746
18.392932328386088,21.5140436365152,24.365335288170005
19.447468716475687,22.7242235129735,26.042267364194597
21.851374829723415,24.127656009830627,26.335847282318053
20.700001817478743,22.081585215028177,24.085364058943973
19.97960792002436,21.910290154546114,23.793574534415207
21.877932703652387,24.417047084300812,26.294635385012782
20.633847533896066,24.47009908966609,29.17993204264808
21.27018791175183,24.785040757796295,28.95311081469975
21.12161612643566,24.414409753126936,27.452746062252526
24.668908298527104,26.525238546207387,28.27995112860862
23.494626516102308,25.79205605463112,27.39016727751827
19.413776150047727,21.683788301849866,25.141730237903186
18.346250830226573,20.35321515188988,22.24975156127224
23.57324789764313,26.040423746625024,27.7671120410367
23.26651417568802,24.18953762162271,24.50175143022189
23.810991918728714,24.821813776577432,25.657916720082326
20.39413342672418,22.97175878249815,25.23520719259017
16.137117742121017,21.867340750201798,26.928079629577265
20.753073679262517,23.928777258044295,25.812898867820884
21.14415722066648,23.540947886870253,25.517193435868077
20.48652363664381,22.045665981182488,23.016740176945618
21.33146598515165,24.280769425148826,26.73780781055017
16.824724597602234,20.56848293792958,24.629172149037053
20.473982628473284,23.519106279357704,26.268040219743646
19.79254774643407,22.465802460194386,25.167806615766
21.093205087516576,23.451610707685656,26.749209448208482
19.03446658643777,21.573324194909272,23.74856138393743
21.034893944506923,23.510030794354215,25.55573897228752
21.826632558175454,23.507048215705726,24.97861750319165
20.400230189252124,23.911913886068792,26.448086775309495
18.649200776038658,23.74932086960623,28.510899201114167
19.188844605572392,21.55117930436922,23.928144635954926
18.129091605418065,20.344021104224314,25.647165336738784
18.291414979504076,21.359915649679575,24.64160693311318
22.93884596752254,25.100140196646052,26.29773631007213
23.125656687413322,24.225240289053502,24.45619526512132
20.640096112474062,23.55073220241281,26.21669178033739
16.213313394773067,18.467543554379287,20.078682832757213
19.044555931121447,20.19941690482287,27.937377656904438
20.247275605141237,23.816238966541082,26.448583406824767
20.66509919209875,22.95437553226276,24.680301349866845
21.136224521188815,23.054598544735736,25.284059899267604
18.118366202837546,22.263118597661922,26.333735780502845
20.00135253341932,23.852850728717236,27.38384994701241
18.83974067755122,22.658087952629362,26.10442888943335
22.05552506126235,24.310070664261033,25.69473223030238
21.544313126757057,24.031379447604035,26.798387389277092
19.473736372449657,22.405402636572493,27.102925844883902
20.65509672689327,22.301681786758472,23.820442172208452
22.23887877675427,24.62216531505631,26.007075604235624
22.926782303497138,24.445077837678976,25.535974653751545
19.619080074644913,25.006567503667256,28.28733062710436
21.86873498694054,22.35972754625956,23.300414513758167
18.128812798886482,22.538805552376623,26.42679981951814
18.641618628837247,23.529158482738428,28.09549930438548
20.062911572979775,23.028267103433624,25.724605638429747
16.863666246155184,20.181393158678794,23.75602134276187
21.21427078884452,23.06414195992488,25.3955936078103
21.65966761347265,23.511249262393292,24.940075072852572
22.68268430083769,24.349600424760403,26.30811224329314
23.695609947956207,25.596329691737942,26.030859120634
21.56376901131889,23.210109366305698,24.7239619479089
21.509462243641174,24.078906027326266,26.73380168962634
21.265784033902637,24.187190415116323,26.876611357341467
21.558521842762058,23.999499440032594,25.866326649504366
18.98894960513097,22.665930562449198,25.738270584164223
21.914412164865116,24.552806853251095,26.837595577300963
21.57964463641579,24.320432425719467,26.43462915266345
21.922321929692597,24.245317730858627,25.997298801154976
19.645976097404006,22.440606580513485,26.451171540858116
20.096109147780773,24.160237746376726,26.645258356066673
22.76169157529126,24.298225826110198,25.407126057010387
22.04565837747521,25.045855084211492,27.233378228133976
23.179321221358638,24.989501674597488,26.221645826668723
24.462514984171197,25.690105959731184,26.852210626734465
23.20253507890056,24.61012772096389,25.3389563860898
17.830402227985168,20.85019040300572,23.029264894385324
18.431326123182618,20.887204503125886,23.7829369554237
22.70001729576198,24.59385802897805,25.301081912257715
18.692482389196737,20.732557693923134,22.835960368946505
20.042552536223102,24.27301742192072,28.06249326597297
18.393353642010734,20.585158109355813,22.556704411402
17.812027590558497,22.656511546065026,28.959783860682748
21.527845806346253,24.150441374473395,26.043177783269364
19.747373643837722,22.16476723098702,24.49020638381993
20.851641886666755,24.35622113245808,26.762347653731965
17.94228540910875,22.023277456183802,24.145984765257207
21.41030349033504,23.11412189318101,24.719982066592628
21.56954986161712,24.109329996403783,26.640242898139185
18.153631194406223,20.933607297667606,23.120905806425686
19.582102841767412,22.89387635958398,25.480850806925762
23.584041129430812,24.923317025876706,25.47973057787217
21.629852631958226,25.89099439285099,29.212814515422068
21.92393293158396,24.32334236899606,26.609812543517688
23.584061200388266,25.76734859155851,28.002721339440747
20.146706597590214,22.7041724870129,25.31821689994557
17.54951688547777,20.13491439341753,22.630375148035213
16.693198041941194,18.825880191904417,20.586424441244574
19.18700272446614,22.414342559532717,27.05625188270623
23.068937997796063,25.84741218050872,26.357616475495092
21.809287194070265,23.977794239345393,25.712402334253312
21.25425477030702,22.9997476308017,24.436416558478623
20.864752807363185,23.495213497212728,25.90434374387912
24.23460218682693,25.65065122277357,26.301951458278385
21.513289300831023,23.371749630895433,25.44294650961399
20.13517125506953,22.393106174524185,26.059110944728147
22.408964527174355,24.300960334922895,26.064839021926204
17.27854399604318,22.164774728416315,27.326857380929603
21.828157635872863,24.365530986983238,26.54935159312957
21.099964408577293,24.496582464121502,27.291602733192214
20.343126633532066,23.973836924184567,27.20000522324681
23.028726130112318,24.3415812249794,24.965375338486947
20.82386901859294,23.88921536648284,26.376778129139087
20.198372823233594,23.460735308842242,25.94370068661043
18.473462767741292,21.07583330292511,24.274604266487007
21.68745676164288,25.989758258003004,29.69426192994045
22.049043264608652,24.588081163702537,26.75796007590215
17.344243733830137,21.80085972056486,27.172310329650085
22.304727547729478,24.240308825110574,27.33615821522879
21.88805189453734,24.40831427069302,26.743923869260097
20.487769422557882,23.216618451778228,26.073046456991506
22.119540075580442,24.102282554524503,25.65872496614962
21.565321748996283,24.15630993009461,26.077605608939095
20.30355140100312,23.804691597569263,27.144449755250054
21.035902396865293,25.440020168648257,28.227974308689742
20.83470662799541,23.55733547385037,26.38975519724529
20.203521858352204,22.632528833094636,26.830433412432455
21.764252000749146,24.387890962222777,26.751745702221836
21.625694727980772,23.75434142105773,25.940635778102045
20.075747097733903,22.29131244386049,24.588125241599048
23.477984082853784,25.533968785495777,29.36885102207659
20.269692566916675,23.25958158459135,25.854355830465543
23.448875751679754,24.75775238147681,25.291683974085846
21.735512525684804,23.362263221978925,25.187992473218053
20.7579051213955,23.598811656136323,26.41708198701193
19.599244891332052,23.211788581927614,27.179627655255512
19.94594192146599,24.42935648676885,27.34624324381157
19.684009530913723,22.762719671911125,26.074200727291654
23.59338359203365,24.72227082238964,24.85909654914889
23.102993732455406,24.834194219633616,26.43721278157084
19.067345378256604,22.708365016220135,25.53603327222036
18.910937391369508,23.16570749324914,26.24050021846237
21.763145200201283,24.34878426434673,26.322993467615596
19.698616488112968,23.53944281034676,27.289293562257388
20.846782502798757,23.27142378572479,26.130856947909628
21.49004761815738,23.034962212626866,24.348737834386064
18.325029460789434,23.486563037399424,28.32325982649013
19.69237221281721,23.359169854192377,26.910933919460216
22.820865087464288,24.430958219523344,25.9369166338139
23.69302245893808,25.03432288219805,25.900644845757935
19.094899094271494,22.497519044198736,27.346812593768863
20.804600266168077,23.30284280496094,25.302845834549977
22.72330075815347,25.604836161265492,28.077254322316083
18.86073915515003,22.44803908367417,25.685365338744944
20.270245757801028,24.065562496582462,27.27852651630543
20.907715293161058,23.757053513801093,25.90542321890566
19.437288819073736,22.147261142040122,25.50700102803386
15.757050186238473,19.753266587800383,24.099155904357747
20.673726960912553,23.578636729157203,26.467813032069714
23.08415044385232,24.102513677796445,25.455975347863728
20.679810647696634,23.063953998191376,25.716416102204047
20.079925595965214,22.435189750518852,26.381930295335493
16.17178070778616,20.825349547519135,25.880832480559377
20.344533548224344,23.18036803040337,25.519716547603025
22.583803873700546,24.37950974350823,25.03674785130269
19.791146119813167,22.251413661248893,24.560011901076606
22.890567455622183,24.324255009307898,25.534785300338164
21.285526499192944,23.85490956369147,26.589656710609756
24.036824605324174,26.09612887158394,28.33211815969746
18.41435842769679,22.026643866305736,26.01439146278366
21.943664564297706,24.10687149837799,25.86009537051082
19.29668811155526,23.241511011485745,26.6281687165883
21.98721501338692,23.81714147720184,24.604000877925905
16.628019430836805,22.71193363897308,27.3853506873205
20.88986866704009,23.258914382123717,26.72884910554147
20.657215024505035,23.40012891418155,25.961704437544377
22.71520705489969,24.289551213269085,25.009781177895622
20.01003070912956,23.582311642744905,28.072034593421044
19.358353054415314,21.73551257710023,25.26447538760514
21.25519882136369,23.95563819938639,26.651437067246597
20.99108739285049,23.99110625040186,26.081714531095816
24.947153809286732,25.501063836374616,26.494217405412133
22.213250738212572,23.964839717478682,26.1749160371442
15.364336380761422,19.682574886637223,24.522050802677384
22.937945520533606,24.095886675432478,26.29856790935705
20.896416637703297,22.78494698882562,24.691140621334863
19.30345166016717,23.437258542793057,26.810435745534562
20.13978804565499,22.915694624835137,26.974525528530883
16.52100175472473,23.67565535175099,29.7297063671866
24.054580034978322,24.490391601453005,25.96606471276184
18.34271899106764,22.438026152873373,26.626230762101784
22.44588639490388,23.491987263588104,24.38532160071382
21.35544342218439,22.310705392789416,24.42897454683492
21.708972232235297,24.607417222734544,26.60397328864063
23.551186197071267,24.44056527591751,25.088435656286567
21.37766560651856,21.961076931939292,22.907982979681048
20.631730588551626,23.690080694371165,26.181096863939395
21.462788832049196,23.662357528200566,25.504704007848936
19.79909878560727,23.54821961604567,27.566885366133683
22.051057382897092,24.4239730354327,27.006132236390606
20.25719631129039,23.73905927610495,26.314412724767084
21.502140294191165,22.369819035075736,23.417488356837033
19.949445355397142,23.696435391857566,28.307434144079636
18.873260789066073,22.64030371316632,26.92527289101415
19.86326455935356,22.54398774420349,26.834379305316077
20.75959172824592,24.223328663961805,26.8997266773442
19.002648770592348,22.535201462910162,25.56172949164257
21.47947027927572,23.782348277432487,25.926366108214918
23.181834177744364,25.67888352179912,27.927944891260474
21.418965897473445,23.535127505718684,25.223226807660424
18.880102998844183,22.886610635899242,26.23024030157724
20.50771867987328,23.666831212944377,27.293781040236464
22.413939566598856,25.560992407848897,27.800095331713134
23.45152844735768,24.33441041319809,25.06876520164901
17.877140974905235,21.706350013185894,25.111273583362298
21.27456564118739,24.01268755447102,26.187207957865006
23.287695164974913,25.189791980990822,25.900241990266643
20.577423281596467,22.9915041900501,25.24244747433778
20.540340271927406,23.975717422939564,27.154157429018177
22.156576291905377,24.47342402279133,25.985785823623853
21.828877490297746,24.5376104454354,27.718085960007137
18.94240595806592,21.741574907280583,25.308019748751995
21.754885127195507,24.835811812030737,27.57054642753307
23.99127895800607,25.041870950276586,26.711800834987503
19.021868310376583,22.281960822100768,26.07247166232488
22.4289250030381,23.991869826131175,25.519215301020132
22.415032096398377,24.64668621404561,26.94339683478512
17.28065153216229,22.109088561838462,27.379111542798608
19.205764470233657,22.375685861164502,23.9461280075293
20.499436548579983,21.820389331403927,23.921684844409544
23.4315351269946,24.98109681358724,27.30176190131922
21.11492988101336,23.151776128501833,26.19779655540871
25.313592652617853,26.910929318152693,27.425854474532507
20.983033184925723,23.880220486965936,26.52534729450947
23.895909499021222,25.11619468285719,25.645645754382485
21.180211830947783,24.045811356189645,26.086175463839503
20.145015328956372,23.83330689809487,27.344186740200215
20.291769686127207,23.848594681384927,26.1339408757848
20.66008995144079,23.13299717330508,25.565235381190877
21.32081652237502,24.502101512338736,26.702261941130377
19.53672983215238,22.838096539640734,25.775418149280636
21.44895802315727,24.184920572435043,26.3759135953613
22.995504675294356,25.03710660380009,25.829464403016516
20.356700652100347,22.630979572740873,24.810406660151198
23.649371926103495,25.047429294380034,26.19897771125672
21.314236129219715,24.415821709815017,27.446591240275588
22.660448545856198,24.748018057331436,26.245387790610273
17.70511441974963,19.954829829910704,22.176131777567285
19.68242326353964,21.878634748808924,23.754967330792518
19.009375864762667,22.314583480994806,28.462346818622745
20.303536058287577,22.721038657859424,25.453537092851953
19.487678744108266,24.384948313921473,27.698661964935106
20.59303804412966,23.363614324445848,26.448401039460432
21.134166952560918,22.736784342871037,26.12752714244918
20.10384053219465,22.532854909969885,27.423794428278615
12.693317768564844,17.019338060206877,28.468596277857095
21.366268378392554,24.206152204075515,27.12736435008714
18.862238649657122,22.506591588179223,25.60575382209327
20.230018248618045,22.668229668278194,26.877393697441107
20.74612170528291,23.464045474121257,26.355585444654313
20.305680702109328,23.449199287886596,26.63995990395728
15.582322292967016,18.169317933146857,23.337965037437108
22.92128943735701,23.928927955606937,25.095246260045084
21.175345073672492,23.48817999866269,24.767275487473626
19.053612622832574,22.09473472626183,25.237812118067186
19.958725509875364,24.49256732123375,28.331650024270587
21.009772867519644,22.878024265917805,25.09388240203235
17.12079621044783,22.57846328595747,27.44213433193171
20.345641815401038,23.97527923266721,27.15797687981561
20.605489259988033,23.368839307243878,26.915710375198174
17.072671772929766,19.642942340353816,22.741611743308685
19.82078988673781,22.808624006922084,25.468342225964648
19.856351048034828,22.058886139115817,23.988005118045837
21.436162336129218,23.244994478027234,25.535237874713005
22.824478492612634,25.80957592984097,27.808160480307087
19.05346500441408,22.646441581974372,25.167757838730274
20.83736591131509,21.842735718607837,23.050350419750416
19.07427368814687,22.92132324201943,27.660000443129963
19.510859851497596,21.55411215699867,24.102270026912127
19.122918179160408,21.772694679353496,23.884966931022486
23.649139125273212,25.870755742174328,25.31417743022375
21.760714664950502,23.95812481534184,25.516528219832722
18.17079326847676,22.028342085302302,27.259875315055858
21.70251382931688,24.44861236841945,26.798216051386326
16.801141519427315,22.837915208617435,27.865461269832807
19.805719386685528,22.54762189741006,25.2653282987735
23.251291855714673,25.230195208966048,26.000718337364038
20.1645005370771,23.685119452513657,26.480825559629018
17.807103661272464,20.90883787412098,24.85107127921221
21.207912324605548,23.871602505479807,26.02248617795436
18.030159784256533,23.895135206831164,28.46909102542383
19.034786397774955,20.61906117490856,25.023705487895352
19.01163560407452,22.958414093267706,25.960555703636338
18.89829154881828,23.377255507303744,26.529995295305106
21.11043332250397,23.987496103060217,26.274594214290016
19.565588196842633,23.477727340767046,27.265371434277768
21.56330860288354,24.07029769933305,26.941175657926543
21.704432129643067,23.89446663216421,25.279184647183005
22.379316308550763,23.513976986101266,24.671809673453694
18.250715771756237,23.068846133463964,27.539811109792698
18.49307802890401,22.491354321377337,24.968664900138762
20.133457836582636,22.702978731609463,24.917395405150067
19.667120144969672,23.357721398587746,27.38133732130336
20.83025164754116,23.765466800502494,26.044239187769797
18.149023737415234,22.555274999199526,26.53515998801294
20.02048927947485,25.10768666529922,27.75932585276976
17.99028635818433,22.876487627722927,28.350186107329016
21.462150130458628,23.96757452457754,26.322991847453586
20.661090096362507,23.59506513836745,26.172175702525845
16.948806139093335,22.807994848703842,27.593515831279813
20.42129880070437,22.777533197713062,25.557428498480274
23.44882286668068,24.73714228916338,25.31701181076043
22.07017879041308,23.774151008561084,25.56055550009063
23.876860993487316,26.146270465771465,28.332383657549038
21.52517029061131,25.77974380079071,29.033108301053392
22.931974401087793,24.37576696863291,26.172628746492524
21.000514492638036,22.47149320679277,23.39239273824614
22.652160491777302,24.206054339227112,25.20788773058708
14.045932122984826,19.37547313772806,21.440643078199578
17.065828219826084,21.537966807439552,25.59756518594509
16.159171195788993,20.54838620770708,24.404124506052067
21.564750008116018,22.414438595065967,25.147892312123137
20.15607923510237,22.985059843424477,25.565746186201004
18.41953871951882,22.91164015435534,27.06860470875747
19.797333576518163,24.637638615012765,29.112295871843887
20.903844405135505,24.151202815222415,26.944683546547783
22.100582927276573,23.74713618880139,25.369443089774528
19.043325677033252,21.278500632067797,24.50914792390851
21.521775018981355,24.108658572917065,26.07588173442535
19.18488006168343,22.53745044367995,26.450377740898144
20.620907434286586,23.38274606743376,25.68462639408491
20.230563830633074,22.231463824332398,24.923089311122016
19.81407477853939,22.651916537416945,24.957331629586115
17.497774940785522,22.281411249403114,27.619895369255477
18.192352550370764,23.00909084231289,28.28571806751181
19.57623480283162,22.467900555744116,24.897224032826795
21.744082079204137,23.994958701308544,26.426949602048634
22.071303574641078,24.334753832140994,26.16424940551739
19.763682588553454,22.709056627297638,24.91070569434068
20.37700619129987,23.04805611722136,25.61895286854982
19.418026444746648,24.11313475507024,28.317285078647778
21.585990792276448,23.341079740612177,23.788073779343183
19.22847826035692,22.269763828990975,25.34590777800495
21.827196787110804,23.69525734311636,25.018287752417912
23.929540947912674,25.309914232278327,26.251088124302495
21.22717587901357,24.256611404486875,27.382340575255693
17.60636884381503,21.74740615028101,25.553355619082456
19.980302683765746,25.052430828562912,27.799801180287528
18.482288149981045,23.267307368089465,28.57284407178399
20.957150959306595,23.210778780489296,25.35344791250377
19.182052008739706,23.145984754040153,26.604051300837913
21.07932862741907,23.02676888770573,25.566686478638466
21.97139241160825,24.03930485821356,25.880069589975353
19.443314576258924,21.837392586108006,23.651612194088326
19.976124011081158,23.403833406464226,26.842119779287664
15.227300666802607,18.949719441145692,23.192427196298866
19.478251894564185,21.660368034672256,24.39658536922049
21.376366877558205,23.84844002221377,26.29877173477855
21.2436892128251,23.661067042510933,25.229163009747204
18.58622424290626,23.694692185076867,28.048174803577957
24.2765561122127,26.895091803890825,28.263442261255463
20.19639986094187,23.895633886488337,27.923306212548514
25.02439924405618,27.591936960798666,29.670783557236255
17.95187126037985,24.321997402451625,28.9324243106191
18.90128640608276,23.042327891561122,26.981466955185695
18.868237892634884,22.33491152231032,26.430467943033637
19.984799036614643,23.04944537047436,25.404796014819272
19.739949044274358,24.004200154120714,26.68123780360755
23.62900079665495,25.904162676079924,27.284213552722594
20.307012945866,23.30662080045648,25.959840890376356
19.118427418089816,21.78163824047565,24.225551001756152
20.56008181310106,23.623754932461047,26.845809368555805
21.01694514205679,23.565772572942528,26.6437729279424
16.370013820918146,19.96160406453857,25.37149928658098
21.951820950272584,22.99431898269578,24.104038731701515
21.713625238773734,23.38857486734021,25.879825782158203
20.746520093402463,23.598982905286714,26.254552211814445
20.846037770433337,24.08870940869102,27.1213201670929
21.961575199168657,24.806543139632936,27.451053352585316
18.677294228984948,22.901425404037816,24.38963472004299
19.025377582529934,21.967140559285394,25.178046780573442
20.38065010999186,22.234261763446675,24.88650182720141
18.668701908286042,23.156308193834512,28.031886523429748
22.261868843489076,24.344714462909515,25.79877348617347
20.855153019916486,23.72905014548611,24.89217054260646
21.702579390800505,24.09278603783863,25.496719794715975
23.310757590035088,24.943887553883187,26.086610714153974
19.897570228246874,25.17877564957684,28.476523247441005
23.060599476005365,23.333320333602344,23.944373825698865
19.174141197983477,22.827681866991714,25.442108680665623
17.709178531572668,19.22417134478642,25.092299207334126
22.078039882733684,24.161435773706724,26.220028030021567
21.502032152164233,24.468514719203277,26.918128439696616
19.090557783547837,23.242869014149687,26.79294663816324
21.296628815422405,24.46835041334754,27.63297648303334
19.333438069520437,22.437632151456835,25.16664425613446
20.267799460845005,22.70426607129911,24.72310319735383
20.188030963000624,24.639803972701948,28.882694133588767
19.168073437463285,22.687354698569667,26.957229332713656
18.877561506224932,22.825605769203086,26.191737396447316
20.000523877255198,22.362804130869637,25.440574277588304
19.695030199575395,22.357127068810254,24.100088550659187
16.833596168073182,20.498653228994378,23.84196654922568
20.303267075968318,22.87298597790613,25.275467593168433
17.860153798129737,21.574928058852052,25.783603804714684
22.60213687708129,24.104623443335544,25.618793789364457
17.95599936799654,19.99831265820924,21.078162889264533
22.754044371304406,25.11356650402596,26.93661452433685
20.10093054674003,24.00814139535299,27.50157109325267
19.406111777566398,22.692794621189925,25.607041561735347
19.461365231912794,23.407428601556553,27.111077536539153
19.559089427815316,24.57939382953658,28.651403959840618
21.56424434687126,23.41574297758022,27.734658260434497
23.050895174691494,23.746131786159353,25.30031988388614
21.41255888822479,23.055979280579937,24.592654956054048
20.66027682170107,22.978396655952842,26.00242655741266
21.1849543685391,24.064681549135887,26.63653768641962
20.175748737657827,23.1541968195206,26.494013196920136
23.826370494111476,26.68910810987559,29.08631751924934
21.30746830987809,27.35618540327135,30.46423481418416
21.181774989254592,23.595942834726642,25.24519591353563
24.888344597942503,27.241728028445863,28.262569022705904
19.708759034487596,23.24206984384547,26.432173824619746
20.68441703168337,24.360232873593688,27.389694214729236
15.83111688022023,19.039252889467573,23.764024538673304
19.590733647949623,23.770126620362944,28.07734161791459
19.67605562937729,22.3510665665498,24.784318748146358
20.912588088179685,23.2964380985805,25.06015824928854
25.123293662777424,24.358126285197,25.137099806702622
21.42007890459533,23.594992443136174,25.25906245673418
21.371863684756367,23.45730401854893,25.869674808423447
21.699597250720725,24.77751194786546,27.62828409165668
21.048690466115204,24.422311577165473,28.153598613025736
24.217918470486612,25.807216639619487,27.105487231070086
21.537851072262633,24.41547656237648,26.361557740546026
23.3810994111268,24.68085831649162,25.674411813919225
20.926820234457715,24.017081057296647,26.467260301666514
16.830434484037205,18.836707782344966,22.036564736992325
20.238723891575685,22.482005496598116,23.681278485668205
19.919507265515186,24.087002245239354,28.140740332366825
19.357534690150974,22.9393958179271,26.41011186384545
19.29836141419368,22.329677484022497,24.33212827756388
17.18613976369902,22.37904089388208,27.822731016118443
18.789927120842027,21.805377542062253,25.199138818413587
18.296167409528334,21.637496107075105,25.139120096536132
20.69155974329859,23.062918272964673,25.025397133046134
23.005349468177467,24.974562025927195,26.918337681894197
19.02869394933937,22.537805489775643,26.02654138821307
22.083278282012998,23.58240849625469,25.590303050770736
19.642613251925557,22.12341288650854,25.09476198268616
19.254258779942194,22.30570097434057,25.734575710816834
21.04530613153231,23.55514049358248,25.975923095051726
20.473015159486852,23.451934518510587,26.26275797986524
22.797694007261285,24.17580937794032,25.306166024152024
15.750625806282633,19.511881129166593,26.646449975198987
17.627432889804236,22.054865548817563,25.922029945891655
18.564678145199313,21.85432789782591,28.212226688997607
20.321847828617862,22.742276502786147,24.983223801160378
22.706672565575275,23.70217666557243,24.71796717695401
24.467036126513946,25.46240073888128,26.586214414926193
18.371987566707663,21.22746146977448,24.37280300675833
16.004583087231993,20.749744829012695,27.089090491504408
22.03276002045279,24.341069570587457,26.346597993892704
21.586918287397182,23.806266357965818,25.0420668211545
20.757784077576837,23.6107046394255,26.250507277227086
20.838984505457862,22.89907300282797,24.689766794900386
18.334719970240762,22.941754006147246,27.94523205144954
19.166691106286017,22.503235419283634,25.680388110794112
23.130143133040857,24.693415364456964,25.095616354260162
17.32259801218809,21.384824226955867,26.14221393411223
18.670261982810356,22.2227219787275,25.55100225986437
21.88564490415438,24.182158418921787,25.240942723990624
20.55236051935774,23.21082544938456,25.780569759034087
21.166057475707,24.12076032197068,25.39953583571236
21.842524409560674,24.17962645017019,26.347961716216577
17.88165215383505,22.870220008540258,26.76613349572754
21.328630878891882,22.96149305750323,25.537799317416425
19.49316726784425,22.3431806019356,25.574413772026954
20.865400467339565,23.569928634462396,26.253675489661095
23.047109741026297,24.346086197921004,24.93978176895555
22.531348249430057,24.813376855767647,26.869151661898282
15.735803946265806,19.053105310253283,23.128822699265683
18.681887275083714,21.838598578279434,25.55374123849957
18.91743267308909,22.47285993360344,25.76445248026404
19.78436394429513,22.60223967992715,25.205593289411368
21.788778433721983,23.514795153844673,25.17310946320278
19.801399769328796,21.871595484383665,26.04143642038703
18.254294094349415,22.167748040044028,26.812809420869197
19.336276520434264,22.227935857565104,23.46018093098461
18.015405217531182,22.469228535308588,26.726987402920532
22.364302682314506,25.16367628503535,27.17955931767277
19.740798801863292,23.534116827795426,27.807326814219916
17.451573599856733,21.452686627045487,24.80694597820943
21.091211165293192,23.737329244815985,26.40896171158344
20.858146368375717,23.552065361201603,27.224048232583193
17.82268977704058,20.489847872724106,24.18425475653465
20.216207232639785,22.986563953146398,27.197571062409505
21.326262974520812,24.055482662443904,26.695675100974913
20.253188857919667,23.14906069282466,26.26981700688368
16.061863616046292,19.872027867168054,23.859604434700376
19.08180719576698,21.891579431450843,25.25224800214414
21.696543505933196,24.13908976723464,25.941367665572837
20.609592465249577,23.52853704547319,26.595758494558915
19.471636522633233,21.62665559806741,23.98126939209919
21.046081184274037,21.934027944358295,23.719939404505325
22.335224640489972,22.895816628548804,26.296943863327304
19.57745985486379,22.612790423842615,25.104795079952755
22.803431427818893,24.169303533837823,26.231230111730273
22.05758987670488,24.26644232123131,27.81180591045551
19.951087785243658,22.96228337195865,25.58644720239518
20.154674723474212,23.32525607926829,26.226443296505987
22.922927459675247,24.887709970869548,24.141646738060185
18.806957378457867,22.21534867116019,25.002697533748023
20.53454673106398,22.6113966829617,24.439979230147546
21.47134084470831,23.661492866594227,25.54528546243609
18.848517296812027,22.618706528557972,26.319921699990378
21.995920747611542,25.3926044276536,27.70431670653145
21.327673380566008,23.431048219965184,23.219219242051103
20.90532229141779,23.57699530874744,25.70102739679487
21.4832263941689,22.963853777886893,24.538226693130426
20.09582249135798,23.426438363091727,25.430854763116237
20.5698856356513,23.29474695065236,25.978775179684106
20.190596279240157,21.93187241783033,24.308685299578414
22.165683513469823,25.00323925700888,26.934711291696182
20.301032292340388,23.955113960872332,28.06874308003133
18.68818048910257,22.534936216869767,26.443917344101475
21.22231936505258,25.22396023780376,28.668353220035332
19.946891224670654,21.547939988063497,28.55455739427579
22.943773658935285,24.56930451894687,25.45756318516436
20.787588425086856,23.351941512593953,25.870115049019304
20.170904887989845,22.72541288792831,25.60821874017278
24.298306336918916,26.749399648861978,29.303382703797308
15.38741722908288,18.614454064741473,22.423336223378705
20.97951457461697,23.819832141549075,25.480945119254955
21.571346563558183,24.041541729557814,26.702358311735157
