R,G,B,clust
20.397281551320148,22.82617818167528,26.813677106733717,1
21.62278482020448,23.15593100264752,24.96148139352445,0
19.806783097730765,23.899200850733884,27.38355685177801,1
21.63069751932253,24.461086144766742,28.040460885169047,2
20.6236870576012,23.095766809198544,25.43662366521925,0
20.916864438923238,23.251343220918606,26.03996776049981,0
19.46456580624378,22.784441019988623,25.828973877545497,4
20.31423313449619,22.28707891609355,24.276394425831874,4
16.856123353618667,20.6373993729237,25.00106514756073,3
21.85288593309178,23.942103816968235,25.95808576297054,0
19.44799473463341,22.033610119916663,25.36164433068113,4
22.790028970176262,24.441932465925824,26.24511254539637,2
21.41511975471911,24.610830451592392,27.64298145359883,2
19.58839077891879,22.71032409813777,25.703764726099998,4
19.60870127015817,22.617420257553952,25.2772681429379,4
22.05652894948789,24.85618953216698,27.237954827616736,2
19.11296099270381,21.243223264337377,22.756908301078827,4
20.778950975751737,24.32059826558076,24.930650749311443,0
22.954205625711875,25.767201795167875,28.89235814974068,2
21.674229028747888,25.38880099182721,28.68462565048463,2
21.819044887385985,23.38221039324867,24.804984718023075,0
22.134867476605304,23.43300753813849,24.358640544000064,0
19.61044725289056,22.6982460749502,25.10655786810566,4
18.8163917755041,21.67990239263398,24.64267797804952,4
20.47736326857341,22.41679119408198,25.20390651152532,4
24.71017658534167,26.096003165180644,27.610512341291024,2
19.86333615009196,24.0444651750452,27.8137432701642,1
18.162939077840203,21.97704143475632,25.168430795474052,4
19.80367951429041,22.637167165852198,25.214314035194548,4
21.04382101321784,24.609739310759,28.06269057651668,1
18.97379700929424,23.04658638783872,26.42621845863204,1
19.82173297275134,23.28952739932316,25.916497982496256,1
21.44800906300988,21.72614036263156,25.33386771847756,0
21.202108101635545,23.781089785514236,26.64549710717812,0
20.98879263770226,24.39360211097777,27.847235701773425,1
16.675407926161117,23.007163395895734,28.529551701056,1
20.619384144021367,24.190728758192183,26.49033413694752,0
20.5036624851496,22.433729509108623,24.25265783039736,4
23.98495430236173,26.303665626508923,28.260231674668265,2
21.19177263450052,24.14028838963488,26.106342585408377,0
20.379040066810283,22.93511932384298,26.035524929193688,0
17.87783697045878,20.98122974271158,24.178606202727916,3
18.17266436928461,21.948400858369464,24.82453648884263,4
21.03739206727059,23.327839259925227,26.024591535484912,0
21.36446500512473,22.82706285039114,24.526170145971975,0
21.562639095424185,23.08585796061603,26.19009418883435,0
21.18550813394997,23.204840276807072,24.89469993248061,0
22.753364327190635,24.42646554387386,25.92604454896199,2
20.360916932707187,23.494632154803963,26.443608390641327,0
19.638201116144035,22.857886173408577,26.04895804450332,4
21.48991303375825,24.63554321932257,26.88136665789687,0
20.61056318011328,23.164340345778097,25.656364720202127,0
20.585922790646997,22.83662765149945,24.949447812223937,4
23.105286841195376,24.8715578911195,26.029639713030704,2
23.951447397171087,24.913959613291063,26.067390392755037,2
19.118971314015216,21.473753736881,23.597507681783306,4
19.326381504715638,23.42977415315212,27.363374068782257,1
20.57250629784996,22.906107065519755,25.875785985207724,0
22.81430846866268,24.39250199166328,26.11291044223826,2
21.74353422834445,24.63472124525456,26.80820367257324,2
22.213480758889677,24.05475051503697,24.351554638086107,0
19.548175958787223,22.14040829106169,24.45668078305191,4
21.22168351761607,23.38911730566141,26.33192064614617,0
21.20107565277432,23.906182269123928,26.672508499416097,0
20.22309533965384,23.63275333656357,26.91277632921743,1
21.710112571901515,23.809130001520604,25.92606134756107,0
16.568375598648934,19.77480251021176,25.10171767730894,3
18.98213421744885,23.08497992948336,26.631468728101385,1
20.85933141837309,23.767093804689736,27.45102763840808,1
23.146285798625648,25.049880570449048,26.65113945734872,2
22.893767808415557,24.55079340578038,26.165515768729264,2
20.524999378550792,23.94130644533165,27.33714336922048,1
21.235669167515,23.828654873309425,26.25670867922433,0
18.380598600522564,21.362897872826764,25.51883603563715,4
23.19856843930224,24.9156375169882,26.521523351211616,2
18.41466748588635,20.655211438629035,22.47451369714283,3
19.11087911170026,21.5270934746115,24.57957120965032,4
17.73984730817869,21.623484747404696,24.81598817522441,4
20.26001169506629,22.855407250662143,25.40089343070532,4
19.43339665551228,23.00439214155053,26.33095069012351,1
21.418812944865365,23.42630321327391,25.671955276033557,0
17.840393408022166,21.568614854377397,25.331337395230356,4
20.65305328899685,23.640002777146705,25.88153178564229,0
21.88655391243286,24.14606871216512,25.992398624484142,0
19.490341073329965,21.64604020553608,23.390093303663583,4
19.573434454794263,22.505656870756745,24.87588525711416,4
15.883149625160597,19.545882186597144,23.47532412771424,3
19.17879985159075,21.73762170191351,24.953449998430425,4
24.253728754487728,25.09156196124713,26.00516913761248,2
23.53192456334758,25.027602083120165,26.26970976585596,2
19.85209396536548,21.21875650254133,23.3532403873283,4
17.85492777458149,21.10748395765384,26.860712107589404,4
19.736949820341604,23.631846872758743,27.08674189879422,1
20.40651866734375,23.51769585031467,25.73916305175888,0
23.643027812214427,24.750839291372447,23.909123151503238,2
21.917131677229804,24.32381255241609,26.75572328044617,0
20.46937802368143,23.315943532209364,25.76118666962661,0
21.60609700567199,23.043880005013467,24.43786702432135,0
21.33091405956878,24.20640953658785,26.28517896647209,0
18.63396978751188,22.4691571173988,26.252959656917035,4
20.825383599547976,21.901870877225708,26.85974027026157,1
21.68599943313526,24.582507058406957,26.694673657662157,0
21.10630104871432,23.54777440440828,25.544852970437585,0
16.647273111228962,22.21675334752199,27.35844928013758,1
21.37525595912084,24.2505588911803,26.40997074931033,0
20.376473829353863,22.41131867279953,23.79490151696252,4
20.152014948277763,23.654981674070463,25.976415889465567,0
20.45977768798938,23.421878672494085,26.893411128162217,1
22.124621484618512,23.263558965302312,23.93734460525,0
19.945742188015625,22.562716909772643,25.74310424745635,4
20.331586429134244,23.087268057663614,25.699942927239903,0
23.051156197194715,24.86637757940903,25.529788406978657,2
17.540732759359067,23.6510730709046,28.67463901657981,1
21.59775925896796,24.460678995324614,27.526162044719463,2
21.85914966767599,24.05355101520843,25.972874420813984,0
20.86730705361076,22.96541499102758,24.456628863828296,0
17.47498810628513,20.587201110302,23.27988347458126,3
19.96116361824169,21.803593869186777,24.363768220877,4
18.96794209461104,21.60613507725931,24.176245994541123,4
18.62472859444639,21.958896780404157,24.805319826305173,4
20.156367869122576,22.640350408935884,25.343409899762783,4
20.482536533708902,24.08498511985201,27.38102709053027,1
23.738376027086773,26.11292900989996,27.85196166742011,2
23.245857489400557,24.30400665466274,25.46863429254773,2
19.6965666097442,22.4798274759415,25.29407566228136,4
18.165167253593594,22.159530907948,25.89231931640353,4
20.12559668765412,23.23934932048748,27.65332851469452,1
21.88375123154791,23.636805489054897,25.32252528498992,0
19.738918115017,22.36926363851319,25.17696418051952,4
21.00411905631685,22.18514156899595,26.746538696743944,0
22.598142732290857,23.964512278674253,25.66858125937271,0
22.25102907151945,24.24003603663092,25.501978547605937,0
18.511715996308887,22.965618782124075,26.14754127380592,1
18.861305701416736,21.398708192681493,24.632931076471426,4
23.92060695770413,24.90808497244866,25.941955462003023,2
20.84237775344633,23.285724496582155,25.535896813144877,0
22.639985208152677,25.29166703637816,27.42586539990157,2
22.25950557555144,23.52749749761837,24.947169772711813,0
19.10317567806371,21.564798721236112,26.94879669325236,1
17.156172338363824,20.779713340933764,24.21252012314468,3
18.27355403631457,22.695400359522782,25.756141950585494,4
21.991980611511675,24.0616149340142,24.93448637629174,0
22.48848858887232,24.10279569979302,24.975976368622,0
19.786811299241048,22.501938330932905,25.852382941470715,4
21.215699483873763,24.489134690055774,27.41067970085482,0
21.10491217526112,22.889305457349696,24.621142816403488,0
20.34745732965572,22.71914369746841,25.87571358339638,4
22.042464312531987,24.29214425324084,26.432606416065973,0
22.906682641033548,23.293732239392035,23.40421825887101,0
18.48380440340168,22.218398633046004,26.51029487210171,1
23.31435770363151,24.93239447981692,26.277948988352367,2
21.34857600816562,24.40125583386854,25.991794329592366,0
22.557702350561065,25.58496067318659,28.20016232708656,2
20.360774774543906,22.72651481455048,24.84362060660512,4
20.87532305150324,23.507426825008316,25.24557338040527,0
18.338552587756727,21.19130325616228,23.39327589804017,3
22.386301669226786,24.568794048022088,25.378626870108917,0
22.317465713835613,24.008964964195624,25.65537222596946,0
18.3250694013379,24.109737923423324,28.78358100834603,1
22.701540469035592,23.785756059026266,24.729565305198346,0
17.586966780257693,22.528865145906344,27.75735077717567,1
17.786151390825186,20.58091117778479,23.58198521141368,3
18.594912932422226,23.299571692217395,27.40837118205959,1
20.6876522342477,23.44909632083745,25.88834281669064,0
20.839346921412705,22.710064260258854,24.50653266378997,4
20.130389008962904,23.91215416559113,27.446154431638146,1
20.18653759214628,24.600294602073472,28.11398418265436,1
20.48756641802158,23.309153577416925,25.900624074018676,0
21.029488526151987,22.871900373210117,24.246826058020314,0
21.302853035254792,23.47458431781668,25.460167823865948,0
18.174729523775664,23.46077765668643,26.872164621806657,1
21.033679869870348,22.971864312068345,24.590343014021894,0
20.74730959398825,24.638251857373906,27.39848320020281,1
21.345013408755225,24.22439785167747,25.76195133826598,0
21.90666855879209,24.600023181114334,27.24067803708017,2
19.806650598033876,22.412419112017627,25.036281501770336,4
22.524082659244456,24.58443109425853,25.34752039023772,0
22.764151447677,25.274982483838397,27.4125102495214,2
21.64353173671415,23.672499672557343,24.8402228315016,0
21.542602393089613,24.13743487262485,26.280125246024475,0
23.57324021853208,24.908366653326866,25.513555468914102,2
20.041929706321323,22.273016643597423,25.00244787952061,4
20.502032217316,23.971401796538647,26.999774213320325,1
18.72820881237226,21.05150324660054,24.04977731428199,4
18.81221587700846,20.96722056582705,23.81726635781994,4
23.74043547727408,24.727075520809432,25.053911131968047,2
19.106582601350134,22.762854058276687,25.99126533884015,4
22.6041140826204,25.11344185422973,27.30175700276797,2
21.945654341997315,24.12017501177417,26.059953324473927,0
22.266015826773398,24.50271425208842,25.86335510532829,0
21.736494804201005,24.36581014371583,26.481904869843063,0
21.559356969214704,23.976780795936733,25.515077033823967,0
21.824932668229952,24.50190490122379,26.3555676462121,0
19.60713642056268,23.45639110512288,27.43638769126484,1
20.761735793820414,24.240506986673285,27.22298607259133,1
21.674326431780333,24.447212717171347,26.60557776502446,0
16.93270497620453,22.91981225151203,25.766974501035417,4
18.82972365408597,23.31171764515728,27.04370230010547,1
22.770051454911545,26.326580592825117,27.375170080182336,2
20.595554390800142,22.554589741431133,23.73368347115549,4
22.23503624693417,23.91314251226312,28.13838933559306,2
20.661073045921384,22.680913377570427,24.31360194148261,4
22.27897853641436,23.90226042434332,25.64202313580659,0
23.17095518411028,24.384885868777587,24.89933426909047,2
18.84401832724801,21.3772939535447,23.767112531188577,4
19.029411226396117,21.61050436577444,24.61485487615871,4
22.807483425044488,23.18593466729585,24.131310497949205,0
16.78696009318834,20.177998611392333,23.72745970502103,3
20.36776152496513,22.40579059085051,26.49205588069745,1
21.61697044613928,24.620298686511184,26.10208692494701,0
21.45843458085509,23.62850153840337,26.351974694280067,0
20.616062173135887,23.08463872293208,25.44285213891025,0
21.09585017014132,23.506216160285305,26.328392344155095,0
20.213476211792617,22.756800399514763,25.140478891237333,4
20.952148275852387,23.461101429567645,25.15007190695907,0
21.62732277442388,23.572360158734423,26.24874028466688,0
21.206068554564848,24.019042791592238,26.383957096712383,0
21.101188489600595,24.121052850145983,25.31163942891988,0
20.327592898906936,24.84569096417989,28.51405844780704,1
22.649618024385163,24.367495765462326,24.955505565872,0
19.653866486452497,23.16480285975828,26.45336471746436,1
16.876015402822535,21.78921423327791,27.0643940094132,1
18.726861216056097,21.69059628661736,24.57123578840019,4
18.292874438522272,21.655656339235847,25.13640847615765,4
17.90758140579231,21.531778109741765,24.824674592965103,4
17.63091969654455,22.05322837983873,25.15768588698857,4
22.323659522526608,24.540984962791917,25.50659818685084,0
22.181411242341014,23.812997514734725,24.7613342152566,0
21.198523830370693,24.201037253615496,26.92873045027644,0
18.19865694385976,21.86515885367299,25.18580286207488,4
21.258919858442745,23.17322751029304,24.769664035781197,0
21.10841062701349,23.685445057476898,26.06572391272248,0
19.771640010971048,21.953188088707524,24.15645188154793,4
19.119273393157,22.23262787467174,25.4085730194221,4
19.60214760762268,22.41167649986668,24.492671224590417,4
23.74350341472781,25.017810164939387,25.65148638953344,2
17.97428287913173,21.760077905650466,26.3194379050932,4
17.64178044122732,19.976371472016133,24.106259799685503,3
19.757307592571603,22.86441829900669,25.90243113877849,4
18.331973434374767,19.98276182957957,23.963804294146023,3
22.3353354184908,24.70578760324378,27.20333034005281,2
22.915019029850704,24.6912792709449,25.998220765347437,2
22.1375256903485,23.74129812904596,25.18837482764028,0
23.74180858991508,26.29270871021625,27.298852108750296,2
20.380761320870764,23.07504458995609,27.13433394183299,1
22.70751307564753,25.34781186121825,27.721035712512865,2
23.28005967747634,25.16456500624026,26.465130229875445,2
18.156905932877105,22.4590158775797,25.50603272474744,4
21.85251408881828,23.98537091080236,26.07947111066744,0
20.36536398806333,22.194149337690845,24.577153599251385,4
20.446947174888862,24.286216493010013,27.34665686841426,1
22.86024162281232,24.34874193277057,25.54602753856259,2
23.819158231923485,24.65700205303689,25.71876765368503,2
20.133939921470564,22.46612963701736,25.16007503894006,4
19.81136636907572,22.659255997298374,25.10412685463649,4
22.122530951313884,24.54635213597624,26.865126795132397,2
20.986623335167724,23.543477388672432,25.910507938409896,0
23.0675085438806,23.96056233911957,25.412643943237025,0
20.73832885599429,23.617513869846544,25.92311080120736,0
22.816218789632373,25.43119722854013,27.556049785780903,2
21.864213539861872,24.061415511173013,25.689641208192917,0
20.218180567641205,23.126255820817956,24.41228261352857,4
22.810573599932564,25.50037913331966,27.970583474336323,2
23.74093585498116,25.484535351056422,25.905858634127352,2
22.160450539998973,23.599689382306856,25.5981878204915,0
22.15627102942864,24.15180248325853,25.41153422704719,0
18.955814497051797,23.02015996657065,26.071959204359683,1
22.14965343963677,24.2685210612453,27.34445967512943,2
21.21597520794727,24.041992568940778,26.18893330747448,0
17.861608934026965,22.143443325958632,26.22407053845249,4
22.325268673749168,25.30584061561312,27.529477161907103,2
16.671360722527886,20.287688763319032,22.93253253521952,3
21.45899045724768,23.523206586308905,25.612628875333208,0
19.98943445060147,23.317146223846077,26.09975222225515,1
22.71023149221494,25.02072194500532,26.742695223014547,2
22.258734378166466,23.560064267311503,24.24035652374532,0
18.97004808521205,21.150093129932305,22.952863287877577,4
21.87741635825687,24.013398266632223,25.753510741843407,0
19.408911358974635,21.25030439560171,23.36373195884994,4
19.251753085330694,22.627120955700388,25.479760133247456,4
19.037388487228267,22.815308500308166,25.900182185479466,4
21.16000408876465,23.65446198328402,25.58267907610995,0
21.171884796675595,23.14737892163287,25.38978425419021,0
15.717328983668745,18.4085713162556,22.221276355981654,3
20.839292994603174,23.208187084847207,25.39427330018627,0
18.47591665880882,21.208602319429723,25.053540237445795,4
19.07199297551199,21.100667377087124,24.72386676872052,4
20.151638562620988,23.211100163709187,26.742330222466112,1
19.436789446654902,22.986731149936546,26.68733600054791,1
20.932203067765517,24.17076248759316,28.020009269987685,1
17.919593432947675,20.552881730355114,22.968009351678912,3
25.061383756031727,25.4232071731387,24.708585118134916,2
18.44813435204488,21.14790483167833,23.583538026215116,3
16.834238952354738,21.72084148940712,27.140542134444864,1
19.657452683688504,22.59521277165838,25.42449040981186,4
22.751175576427958,24.883411527728764,26.91834541406285,2
21.450502400103304,24.189844903844914,25.83768392528007,0
18.28189118443548,22.40257357335492,24.808040409530825,4
19.57558356411498,25.17504922512136,29.31548400707324,1
21.77186107886065,23.992258972752133,26.618805131836684,0
20.935090431182235,22.29889445862415,27.138672582202744,1
19.47497618636749,22.453048803419723,25.17491091312124,4
20.8917941392745,22.446015492595254,25.797977488840235,0
20.80342385823732,22.82651243404784,24.831818285759496,0
20.717511320703093,23.581847550661276,25.63954491537248,0
20.093320493514717,22.64110560837451,26.291677796213342,1
20.58456854961867,23.190535333257387,25.36594793922205,0
22.405349329596312,24.56310242361142,26.518450555126268,2
21.49218993673991,23.758309661743404,25.10531376864672,0
21.54815971295345,24.43393306541016,26.778420915754065,0
22.434845609637257,25.13571561937736,27.4190287262001,2
20.11230752978702,22.36074161726605,24.105714252770053,4
20.12133090625912,23.197798290721224,25.73229267328641,0
14.5124581697236,17.633736216846426,21.604246903293163,3
20.221229240199207,23.43420246685407,26.997338730142022,1
24.54815805710991,26.680522048565653,29.07774119413488,2
18.492392542093175,22.16962222454429,26.155580417089972,4
22.57645928742283,24.68572491052373,26.29430148991952,2
21.78918431866769,23.626832618415367,26.27549345882629,0
22.66782232207961,24.270473572314184,25.57762964389208,0
22.87043594045692,24.56340014735805,26.129642739422305,2
20.825854818900225,22.97364351814622,25.21688833112825,0
22.435865420880685,25.17012557857867,27.85373008438328,2
21.49555960200312,23.864307361999888,25.322030293787453,0
21.576715696770385,21.789551949276103,21.42691476541296,4
20.78578299647236,23.341676409660828,25.87306174153334,0
21.509678541752827,24.174109743688103,25.92897030759697,0
20.768445555637214,23.43547630309919,26.44191356887689,0
22.486695177443565,24.03887413549452,25.45313765764356,0
21.707560321397104,23.793164240636123,26.000336392638523,0
23.240135607669067,24.4817412460826,25.67458380048399,2
19.906959759842376,20.902172934013496,22.67190705227798,4
20.329905666574028,22.39202318245435,24.2519139547729,4
20.860045043499152,23.743972264232426,24.947909393875538,0
19.78228012027156,24.26181648777255,27.93826991494819,1
21.92831159822004,23.648179660129014,24.3823825515516,0
20.54186547085753,23.93746355050597,26.9461222541786,1
20.26005987931418,23.730435032356908,25.56601954847641,0
19.37983732268084,22.905347312113232,26.31535414647426,1
21.46620259481023,23.776312378447862,25.86821010058713,0
19.260138065060072,22.056344762058416,23.95908877882136,4
24.30550131368816,25.62580553906091,26.927841327933105,2
21.09702288955257,23.2163086943361,25.452267294482063,0
21.773231367862746,23.96806789034933,25.841470720572328,0
21.94515581815928,22.862503390782056,24.77291929444118,0
18.95667677879965,21.127216470039137,22.58360770555799,3
21.15320674989948,21.930186962998174,23.04765522298268,4
21.32526678376199,24.53531765931005,27.1182281625588,0
21.673644838360342,23.891773404760805,25.739558698549537,0
19.50840956261126,23.38414044603893,27.55301040965356,1
22.963162365781685,25.27884769674536,27.6502656347055,2
20.694476512319675,23.388262463624077,25.60840864587597,0
23.232575722164576,25.37011176166361,26.22883525211977,2
20.323239797566533,22.818584701170227,24.99962624928802,4
21.14772874227829,23.406866427881024,25.74923348743658,0
19.905746661513863,21.16004058761729,26.069269432135272,4
19.903900214568985,22.7970979572311,25.40314781949735,4
21.656728833330263,23.05416016346824,26.088984930940637,0
21.262033026716487,23.038276940993725,25.375802394738443,0
21.36740191238888,23.23387877382364,26.331523980150436,0
21.5261872751068,24.08551739768273,26.209493159845827,0
17.929850784237257,22.29621658445109,26.20852372909785,4
18.54493320387702,22.611398608336238,26.38491578487472,1
21.74535530131484,25.16015598443497,28.219574113198878,2
21.82250181687791,24.202387065877986,25.219093732636093,0
21.107444440161554,23.76936487260825,26.01055185700885,0
21.39358650323549,23.996737422894764,25.920602567867924,0
20.06647436993336,22.920135202900685,26.10726345153769,1
23.0898278336897,24.004092842090788,24.74834545543437,0
19.94796156456592,23.19453011092038,26.764821051420835,1
25.57198001417808,25.45100029238137,25.13786169865302,2
20.21171678196356,23.94931430244001,27.548509190973952,1
20.06546739978886,22.33980623876912,25.127239185538656,4
21.352562894467148,23.560299841654206,24.71550149374349,0
21.637750017095083,23.22424655346753,24.54592552728352,0
20.779168869561,22.113543833658404,26.653867405030173,0
24.755965534761252,26.28797924617168,27.37180769750147,2
17.263764805833095,20.764996184758232,24.786884322692583,3
22.469112382845186,24.185147266639863,25.540676892198867,0
21.32444294257957,22.85953725560457,24.374389644854,0
20.624112207896165,23.250144293230903,25.234357861917555,0
23.069026812112256,23.77963239245838,26.06792407418737,2
18.907315414581426,23.899330728333027,28.917090408852825,1
22.059294594759947,24.59638748141545,26.846217048167432,2
19.46799682802969,23.931706660474063,27.95669818747135,1
21.191245247286744,23.08640256451082,25.022910020726343,0
21.982408399702678,24.8696379565403,27.558688944762142,2
21.46591574860884,23.172860704960573,25.96547120057401,0
21.97444660109528,23.597863207799627,24.09387036350176,0
22.539355506634248,24.763345794304914,26.953972006113997,2
23.683952542480835,24.59240407810649,25.87528972711236,2
21.618347897148382,23.620647726105407,25.366953001996283,0
19.948605243441172,21.10889018089805,24.16038828785205,4
18.202800103839465,22.865836787983994,27.714316799095844,1
18.84107661909288,23.505587193084462,27.70510569750526,1
23.75299484317435,24.637170873563992,25.313119540246525,2
20.512743526889903,23.33794349511693,25.917215518727826,0
20.18212037765605,23.061464388774787,26.72633664961912,1
22.097304317048053,23.472615639960964,25.006765474125267,0
21.85120548983245,23.622849463251136,25.28611180014946,0
19.006817074667744,22.056933542772743,24.959113893677607,4
19.677309281677992,21.74120268825477,23.706165510514563,4
20.522153515921865,23.47221904749927,26.33831529731168,0
18.659869130582347,21.57608814282853,23.953024114729946,4
19.94528516895004,22.455194900092952,24.56090793866732,4
21.148212490078112,24.10961938833459,26.23745089514587,0
24.263727272808985,26.175170223202503,27.601769717855007,2
19.257099112288365,23.062734134620776,25.91988317058529,4
19.1392717877651,23.42109765240176,26.53560468823645,1
21.6589548601056,24.25703315574264,26.1543756935852,0
19.89562866840871,23.7330377774988,27.45127212227373,1
20.85203838078205,23.31779114862952,26.16319723926512,0
17.120901745322325,22.067257027015557,27.125383186731213,1
20.53113860435429,24.56890016696098,28.163914640769587,1
20.179115473317427,23.7229763025026,26.317878260723774,1
22.18305398120915,24.03123100905223,25.87248891937437,0
20.707966855360745,24.379684399852525,27.34478588072189,1
19.9691968440592,22.87262954912937,25.33635875112136,4
24.085820226191384,24.85445727528978,26.234711480433088,2
21.66091044289308,24.106756370665764,25.904958730725934,0
21.57991734167613,23.703047060976196,25.151959892719397,0
22.42543611015472,24.2357658116366,25.688870559286688,0
22.771651529638003,23.977721590655367,24.5479313739478,0
24.07914319329116,24.997377853355147,26.7424563579055,2
18.3467506932988,20.763539206978397,23.868290080235862,3
22.50969891957929,24.721093206192293,26.1163410019622,2
19.111181493627797,22.085838231038643,24.73684142584306,4
21.16398294458705,23.405369310484694,25.107727731655142,0
19.221412829639828,22.33639153190676,24.849413130854938,4
18.403909752552227,21.70097879662999,27.924547679921144,1
20.53988084773906,22.905832248031857,25.61904352714979,0
18.91104544361566,24.041851708502968,27.62583965020654,1
17.12649341765381,21.907655115031844,26.951583805455694,1
19.90178945076927,22.983235966173325,24.303372695205155,4
20.44228793558814,22.159012853198647,24.34367176560848,4
19.70497591220618,23.432410928357648,26.593418480641347,1
22.474258194877315,24.949512933717816,26.95542192044746,2
21.27178532139181,23.33450537866529,25.20960958837784,0
21.263019774518163,24.02988550104387,26.15761452537529,0
19.236321999944156,22.003365158184348,25.47579760100224,4
20.9420468955316,23.271978549303363,25.65838657216637,0
18.81095689361823,20.858982286283087,22.557951315108014,3
20.52295279721255,22.357754735500414,24.53844423963241,4
18.498477559161447,22.75971096466366,27.00087711622349,1
20.278886717107937,24.259966013820467,27.839920242065556,1
23.99453142271805,24.75092715989893,25.566280248961505,2
23.153383629153574,24.760674312967435,25.8854491012557,2
20.626491597624547,23.129128898061825,25.42147249902568,0
24.54766437580156,25.784980931961364,26.796400992316435,2
20.937009585820665,23.8196612554376,26.11566112671479,0
23.019966781273123,24.9443084554614,26.43196265296441,2
20.208302051849696,22.465547276560223,24.35856986582999,4
22.512965729525916,24.6409842363158,26.31581564764128,2
18.969341957050137,20.74771286290405,22.62257747210073,3
19.72708852511453,22.994032837027344,25.60778439259593,4
21.700070641612392,24.376754034821285,26.570482381180845,0
21.884878859893952,24.12000441125041,25.51678594646728,0
18.95821387232893,23.192154397248828,27.17460889216252,1
20.935234769434096,23.16450659568313,24.95552079938202,0
16.902659294018328,21.41047646453841,25.661987870497786,3
20.183150048528542,23.199597098539844,27.049432835753084,1
21.16210194250358,23.374519809471156,25.957494720558888,0
20.136809885381112,23.840367009936205,26.737228966658478,1
20.25925327761956,22.73758514068216,25.084965387993623,4
21.20361563332733,23.44382705256478,26.30321798274217,0
21.491701254865937,22.96115027719509,25.58833595133492,0
21.13980687427823,23.954924283898023,25.85969940222346,0
20.2537274943459,22.56046868557512,25.693182948938706,4
21.07611615122691,24.46110666331692,27.5716866304122,1
21.78031924807013,23.990500383090797,26.09226799779539,0
23.70742784712089,24.954372148468448,25.125766074979733,2
22.525519863367933,24.537949001731477,27.380943502109503,2
20.817190653368637,23.96468494657797,26.932392840204823,0
18.39852292904017,21.84539288376342,26.340905366762307,4
20.086453180830556,22.045546444149995,24.56387749277104,4
23.103881032937803,24.15597101465777,24.480694724589974,0
19.84811527619704,22.84523440823805,25.22233151706668,4
22.468540331717477,24.816077929337517,27.24157158290783,2
23.2661281759482,24.562996867135176,25.81774429179934,2
18.702264045064688,22.40997338677501,26.27989373506249,4
21.755524388144643,23.485192311220707,25.282321037125715,0
20.296965021720784,25.57981292074446,29.71617990938349,1
20.98373732403841,23.02332597215252,27.99871238358413,1
19.811084048798875,22.88232959825664,24.9723787638866,4
23.25452213486624,25.07831336062173,26.355327513782893,2
17.84520924090086,20.75163308686708,24.85246782110379,3
20.697859071036746,24.033469709470825,26.11835726676085,0
23.904133794923613,25.01248292838595,25.07760803694194,2
17.82851360288909,21.67749860827145,26.23177325776511,4
19.52051532819485,21.79744543981825,23.979019047871898,4
19.21598282795448,22.04198759743806,24.973525682352484,4
21.623181105376155,24.244848800850267,26.14491857257796,0
18.345883543223845,22.265458519442504,25.632761111409703,4
23.042910962169326,25.954968369313224,28.237696705104067,2
19.89777459079656,24.73135444631528,27.83832162103644,1
19.75573606558166,22.024094907670708,24.191879943699814,4
21.13969710017623,23.75965694691861,25.878801551193664,0
17.776053412919303,23.813683473552143,27.289422609106868,1
21.657973965902503,23.428498960433394,24.896196455408404,0
20.73070865059027,24.592832216060508,27.380947810312065,1
18.25530073757366,20.97489310024256,23.74957216996292,3
19.872874342200944,22.59100953044516,25.092792945536623,4
19.985730140108345,22.79290643072723,23.97968987810004,4
22.12091469885621,25.01007970025613,27.64563243997485,2
21.544820295483365,24.118074665603896,26.45995460948075,0
20.03655482871657,23.25020340827816,28.100499561269658,1
19.311644283482625,22.055933598368643,24.66895266261622,4
22.64421970516333,23.98084116836624,25.89913107244177,0
21.068783422252466,23.38017166392372,25.132706866212324,0
23.095844994476654,24.48557406731519,25.852936500564383,2
18.82688883131173,21.589602324674114,24.024491627786507,4
19.155593584737503,21.750812511380857,24.30281722272152,4
19.43267847486866,22.094301672402104,24.612681646920723,4
22.018424057799955,24.084368173615324,25.585240322212247,0
20.063088885304783,22.303389491339,25.459974559928146,4
21.357483079299925,22.992858340934763,24.621843964771617,0
19.87693113861001,22.014788496174425,23.740161281553736,4
19.641109182680456,22.466842910220556,24.72736587937557,4
16.24381923554178,18.984372634751992,22.29132126900788,3
19.661801525829578,21.648230344687487,27.802292369556785,1
23.236581793421795,24.773473443116373,25.486755050617163,2
18.62660431298385,22.184122479815333,25.24097859293146,4
16.57157917456897,23.89522697390109,27.997670538777992,1
21.84563642249855,25.822982840293808,27.977069873920566,2
19.71494428970944,22.124175769214503,25.405787294973045,4
23.31952015293769,24.798139903491936,25.51417926793842,2
23.141754284122847,25.15764869973058,27.15641284468768,2
22.11643774178548,24.079047553591288,26.08377522174801,0
22.97521424196662,24.350276191605435,25.62797104758656,2
22.432695717293623,24.006172754227077,25.084293735586844,0
19.949449348937797,25.01112459732602,29.045182116722465,1
22.03590167673301,24.001194317202824,28.35079592482369,2
22.08687324269551,23.98882457191578,25.70613984702332,0
19.901290239951415,22.13469386433565,24.26489473789435,4
18.05867547494988,20.16701440135905,22.33853225465172,3
19.542206485940955,22.378369989039644,24.57784127883982,4
16.750634817833877,20.43133034970116,26.009156624435,3
18.74202073474605,20.870453231457116,23.972167681551586,4
19.89688363443611,22.96623137740476,27.138702315806253,1
19.75889951898522,22.498034735214123,26.22583421840845,4
22.543322663846016,23.646834293976745,25.222920549619342,0
21.26364806447223,23.91438541733501,26.920012184355805,0
20.533044477628525,23.120871959851407,25.307032165592844,0
17.201013077431167,20.867004725867528,26.28059999016769,3
15.757093063895413,20.16440182205479,24.204379728295844,3
21.58996882790012,24.301866750433256,26.92696577271022,0
20.29160328251304,23.435111756042748,25.748829336369592,0
19.26231101555511,23.29283563008536,26.35124013052209,1
21.81916997437684,24.269522268881456,26.690577784185475,0
19.500033688464253,23.11436341783483,26.50939723711418,1
22.109803721186232,24.01437754194703,25.936303559955523,0
20.74416679189716,23.482059947695305,25.82964500126451,0
23.79480283453885,26.789273176562844,28.61595040066315,2
23.0929013909364,25.12191334668993,26.912938137123376,2
19.37122003469555,22.90524637356704,26.434865418638733,1
22.725759896904503,24.435366466728805,24.76252821621388,0
22.61767350424697,23.381247405700314,23.73290416417869,0
20.26623363989552,24.703197589627084,28.01027898054288,1
22.594178117652675,24.73785364812183,26.194398393674835,2
24.361309278439,26.30358643287857,26.689190913286843,2
23.97436273740522,24.6906195137367,25.21754546267839,2
23.62557835483774,24.457326659516667,25.231724573848386,2
21.80831605359108,24.39645158730421,26.36618972254384,0
20.280436302230324,24.051464282534607,27.386377048460837,1
19.77263736127238,21.90481565367384,23.839196032584983,4
23.02955103863679,23.78737773339015,24.608587646045557,0
23.659632139853887,24.36459908966957,25.21570348785785,2
21.982157606958506,23.743621818284076,25.390813664962185,0
19.281150232738064,22.27920926072118,24.34843486489377,4
20.29191385933466,23.18211211625102,25.82579695174223,0
23.61271593678263,25.241602362742068,26.293101887477548,2
23.33460403622782,24.67805926908245,25.277336677422515,2
16.58341362454541,19.309988104558744,23.74741057132313,3
20.42565230319879,23.69519323201092,27.39393060215677,1
18.354013912592503,22.150147889770423,25.63846747992662,4
19.63162120273607,24.271047166465863,27.9511389211909,1
17.33403436757989,20.655020311769476,23.83135957105448,3
20.81300184874813,23.99910801899394,26.777493445405245,0
19.82214684330044,23.129803432189657,25.796139519299903,4
21.52489540446361,24.937451987351537,28.590536028147515,2
20.01362924858392,22.62175713889029,24.617671866164333,4
21.89471552882532,24.464120601624952,26.10241841078033,0
19.37187890049614,23.32444670138285,26.618607753409925,1
20.490519229297878,22.513853020031465,24.982337162436,4
19.331454486128948,22.546519788292088,25.86870366114802,4
20.21747309685562,23.175193524054222,25.814925858238148,0
20.701937862271663,23.136611767298596,25.30403189958149,0
15.61548065897229,20.457669322612933,25.71296176592239,3
19.747774746353468,22.5588830982002,23.679000160474462,4
22.184764733560797,23.95039188501912,25.68551351159877,0
22.30819228083407,24.890228136247007,27.543313031016645,2
21.673443991281022,24.070868556168143,26.741295789731563,0
20.89086213271716,23.064156559782887,25.6610837603376,0
21.77289408950456,24.66857022580956,26.61533035714473,0
20.65280496589292,23.71338722549861,25.02626589050491,0
20.421017109296244,25.193489198338163,28.997563092373834,1
21.598568285680027,23.26378365604011,23.96816312952967,0
20.29319027313605,23.594511081177544,26.72227949381969,1
21.659981369005187,23.3891487887284,25.135211345490397,0
23.059897118277096,24.006305947874974,25.64778344750493,2
20.896525896916703,23.11552111130674,24.91438339303441,0
21.11672422984101,23.733726102969623,25.495874109237285,0
19.5144033099928,23.11589208152678,26.60207199645746,1
18.392932328386088,21.5140436365152,24.365335288170005,4
19.447468716475687,22.7242235129735,26.0422673641946,4
21.85137482972341,24.127656009830627,26.335847282318053,0
20.700001817478743,22.081585215028177,24.085364058943973,4
19.97960792002436,21.910290154546114,23.793574534415207,4
21.877932703652387,24.41704708430081,26.294635385012786,0
20.633847533896063,24.47009908966609,29.17993204264808,1
21.27018791175183,24.785040757796292,28.95311081469975,1
21.12161612643566,24.414409753126936,27.45274606225253,0
24.668908298527104,26.525238546207387,28.27995112860862,2
23.494626516102308,25.79205605463112,27.39016727751827,2
19.413776150047727,21.683788301849862,25.141730237903182,4
18.346250830226573,20.35321515188988,22.24975156127224,3
23.57324789764313,26.040423746625024,27.7671120410367,2
23.26651417568802,24.18953762162271,24.50175143022189,0
23.810991918728718,24.821813776577432,25.657916720082326,2
20.39413342672418,22.97175878249815,25.23520719259017,4
16.137117742121017,21.8673407502018,26.928079629577265,1
20.75307367926252,23.928777258044292,25.812898867820884,0
21.14415722066648,23.540947886870253,25.51719343586808,0
20.48652363664381,22.045665981182488,23.016740176945618,4
21.33146598515165,24.280769425148826,26.73780781055017,0
16.824724597602234,20.56848293792958,24.629172149037053,3
20.473982628473284,23.519106279357704,26.268040219743646,0
19.79254774643407,22.465802460194386,25.167806615766,4
21.093205087516576,23.451610707685656,26.74920944820848,0
19.03446658643777,21.573324194909272,23.74856138393743,4
21.034893944506923,23.51003079435421,25.55573897228752,0
21.82663255817545,23.507048215705726,24.97861750319165,0
20.400230189252124,23.911913886068792,26.44808677530949,0
18.649200776038654,23.74932086960623,28.510899201114167,1
19.188844605572392,21.55117930436922,23.92814463595493,4
18.129091605418065,20.344021104224318,25.647165336738784,3
18.29141497950408,21.35991564967957,24.64160693311318,4
22.93884596752254,25.10014019664605,26.29773631007213,2
23.12565668741332,24.225240289053502,24.45619526512132,0
20.640096112474065,23.55073220241281,26.21669178033739,0
16.213313394773067,18.467543554379287,20.078682832757213,3
19.044555931121447,20.19941690482287,27.93737765690444,1
20.24727560514124,23.81623896654108,26.448583406824767,1
20.66509919209875,22.95437553226276,24.680301349866845,4
21.13622452118881,23.054598544735736,25.284059899267604,0
18.118366202837542,22.26311859766192,26.333735780502845,4
20.00135253341932,23.85285072871724,27.38384994701241,1
18.83974067755122,22.65808795262936,26.10442888943335,4
22.05552506126235,24.310070664261037,25.69473223030238,0
21.544313126757057,24.031379447604035,26.79838738927709,0
19.473736372449657,22.405402636572493,27.102925844883902,1
20.65509672689327,22.301681786758472,23.82044217220845,4
22.23887877675427,24.62216531505631,26.007075604235624,0
22.926782303497134,24.445077837678976,25.535974653751545,2
19.619080074644916,25.006567503667256,28.28733062710436,1
21.86873498694054,22.35972754625956,23.300414513758167,0
18.12881279888648,22.538805552376623,26.42679981951814,1
18.641618628837247,23.529158482738428,28.09549930438548,1
20.062911572979772,23.028267103433624,25.724605638429747,4
16.863666246155184,20.181393158678794,23.75602134276187,3
21.21427078884452,23.06414195992488,25.3955936078103,0
21.65966761347265,23.51124926239329,24.94007507285257,0
22.68268430083769,24.349600424760403,26.30811224329314,2
23.695609947956207,25.596329691737942,26.030859120634,2
21.56376901131889,23.210109366305694,24.7239619479089,0
21.50946224364117,24.078906027326266,26.73380168962634,0
21.26578403390264,24.187190415116323,26.876611357341467,0
21.558521842762055,23.999499440032597,25.86632664950437,0
18.98894960513097,22.6659305624492,25.738270584164223,4
21.91441216486512,24.55280685325109,26.837595577300963,2
21.57964463641579,24.320432425719467,26.43462915266345,0
21.9223219296926,24.245317730858627,25.997298801154976,0
19.64597609740401,22.440606580513485,26.45117154085812,1
20.096109147780773,24.16023774637673,26.645258356066677,1
22.76169157529126,24.2982258261102,25.407126057010387,0
22.04565837747521,25.04585508421149,27.233378228133976,2
23.17932122135864,24.989501674597488,26.221645826668723,2
24.4625149841712,25.690105959731184,26.852210626734465,2
23.20253507890056,24.61012772096389,25.3389563860898,2
17.830402227985168,20.85019040300572,23.029264894385324,3
18.431326123182615,20.887204503125886,23.7829369554237,3
22.70001729576198,24.59385802897805,25.301081912257715,0
18.692482389196737,20.73255769392313,22.835960368946505,3
20.042552536223106,24.27301742192072,28.06249326597297,1
18.393353642010734,20.585158109355813,22.556704411402,3
17.812027590558497,22.656511546065023,28.959783860682748,1
21.527845806346253,24.150441374473395,26.043177783269364,0
19.74737364383772,22.16476723098702,24.49020638381993,4
20.851641886666755,24.35622113245808,26.762347653731965,0
17.94228540910875,22.0232774561838,24.145984765257207,4
21.41030349033504,23.11412189318101,24.719982066592628,0
21.56954986161712,24.109329996403783,26.640242898139185,0
18.153631194406223,20.933607297667606,23.12090580642569,3
19.58210284176741,22.89387635958398,25.48085080692576,4
23.58404112943081,24.923317025876703,25.47973057787217,2
21.629852631958222,25.89099439285099,29.212814515422068,2
21.92393293158396,24.32334236899606,26.609812543517688,0
23.584061200388263,25.76734859155851,28.002721339440747,2
20.146706597590214,22.7041724870129,25.31821689994557,4
17.54951688547777,20.13491439341753,22.630375148035213,3
16.693198041941194,18.825880191904417,20.58642444124457,3
19.18700272446614,22.41434255953272,27.05625188270623,1
23.068937997796063,25.84741218050872,26.35761647549509,2
21.809287194070265,23.977794239345396,25.712402334253312,0
21.25425477030702,22.9997476308017,24.436416558478623,0
20.864752807363185,23.495213497212728,25.90434374387912,0
24.23460218682693,25.65065122277357,26.301951458278385,2
21.513289300831023,23.371749630895437,25.44294650961399,0
20.13517125506953,22.393106174524185,26.059110944728147,4
22.408964527174355,24.30096033492289,26.064839021926204,0
17.27854399604318,22.164774728416315,27.326857380929603,1
21.828157635872863,24.36553098698324,26.54935159312957,0
21.099964408577293,24.496582464121506,27.291602733192214,0
20.343126633532066,23.973836924184567,27.20000522324681,1
23.02872613011232,24.3415812249794,24.965375338486947,0
20.82386901859294,23.88921536648284,26.376778129139087,0
20.198372823233598,23.46073530884224,25.94370068661043,0
18.47346276774129,21.07583330292511,24.274604266487007,4
21.68745676164288,25.989758258003004,29.69426192994045,2
22.04904326460865,24.588081163702537,26.75796007590215,2
17.344243733830137,21.80085972056486,27.172310329650085,1
22.30472754772948,24.24030882511057,27.33615821522879,2
21.88805189453734,24.40831427069302,26.743923869260097,0
20.48776942255788,23.216618451778228,26.073046456991506,0
22.11954007558044,24.102282554524503,25.65872496614962,0
21.565321748996283,24.15630993009461,26.07760560893909,0
20.30355140100312,23.804691597569263,27.14444975525005,1
21.035902396865293,25.440020168648257,28.227974308689745,2
20.83470662799541,23.55733547385037,26.38975519724529,0
20.203521858352204,22.63252883309464,26.830433412432452,1
21.764252000749146,24.387890962222777,26.75174570222184,0
21.62569472798077,23.75434142105773,25.940635778102045,0
20.075747097733903,22.29131244386049,24.588125241599048,4
23.477984082853784,25.533968785495777,29.36885102207659,2
20.269692566916675,23.25958158459135,25.854355830465543,0
23.448875751679758,24.75775238147681,25.29168397408585,2
21.735512525684804,23.362263221978925,25.187992473218053,0
20.7579051213955,23.598811656136323,26.41708198701193,0
19.59924489133205,23.21178858192761,27.179627655255512,1
19.94594192146599,24.42935648676885,27.34624324381157,1
19.684009530913723,22.762719671911125,26.07420072729165,4
23.59338359203365,24.72227082238964,24.85909654914889,2
23.10299373245541,24.834194219633616,26.43721278157084,2
19.067345378256604,22.70836501622013,25.53603327222036,4
18.910937391369508,23.16570749324914,26.24050021846237,1
21.763145200201283,24.34878426434673,26.3229934676156,0
19.698616488112968,23.53944281034676,27.289293562257388,1
20.84678250279876,23.27142378572479,26.130856947909628,0
21.49004761815738,23.034962212626866,24.348737834386064,0
18.325029460789438,23.486563037399424,28.32325982649013,1
19.69237221281721,23.359169854192377,26.910933919460216,1
22.820865087464288,24.430958219523344,25.9369166338139,2
23.69302245893808,25.03432288219805,25.90064484575793,2
19.094899094271494,22.497519044198736,27.346812593768863,1
20.80460026616808,23.30284280496094,25.302845834549977,0
22.72330075815347,25.60483616126549,28.077254322316083,2
18.86073915515003,22.44803908367417,25.685365338744944,4
20.270245757801028,24.065562496582466,27.27852651630543,1
20.907715293161058,23.757053513801093,25.90542321890566,0
19.437288819073736,22.14726114204012,25.50700102803386,4
15.757050186238471,19.753266587800383,24.099155904357747,3
20.673726960912557,23.578636729157203,26.467813032069717,0
23.08415044385232,24.102513677796445,25.455975347863728,2
20.679810647696637,23.063953998191376,25.716416102204047,0
20.07992559596521,22.43518975051885,26.381930295335493,1
16.17178070778616,20.82534954751913,25.880832480559377,3
20.344533548224344,23.18036803040337,25.519716547603025,0
22.583803873700543,24.37950974350823,25.03674785130269,0
19.791146119813167,22.251413661248893,24.560011901076606,4
22.890567455622183,24.324255009307898,25.534785300338164,2
21.285526499192944,23.85490956369147,26.58965671060976,0
24.03682460532417,26.09612887158394,28.33211815969746,2
18.41435842769679,22.026643866305736,26.01439146278366,4
21.943664564297706,24.10687149837799,25.86009537051082,0
19.29668811155526,23.241511011485745,26.6281687165883,1
21.98721501338692,23.81714147720184,24.604000877925905,0
16.628019430836805,22.71193363897308,27.3853506873205,1
20.88986866704009,23.25891438212372,26.72884910554147,0
20.657215024505035,23.40012891418155,25.961704437544377,0
22.71520705489969,24.289551213269085,25.009781177895626,0
20.01003070912956,23.582311642744905,28.072034593421044,1
19.358353054415318,21.73551257710023,25.26447538760514,4
21.25519882136369,23.95563819938639,26.6514370672466,0
20.99108739285049,23.99110625040186,26.081714531095816,0
24.94715380928673,25.501063836374616,26.494217405412133,2
22.21325073821257,23.96483971747868,26.1749160371442,0
15.364336380761422,19.682574886637223,24.522050802677384,3
22.937945520533606,24.09588667543248,26.29856790935705,2
20.896416637703297,22.78494698882562,24.691140621334863,0
19.30345166016717,23.437258542793057,26.81043574553456,1
20.13978804565499,22.915694624835137,26.974525528530883,1
16.52100175472473,23.67565535175099,29.7297063671866,1
24.05458003497832,24.490391601453005,25.96606471276184,2
18.34271899106764,22.438026152873373,26.626230762101784,1
22.44588639490388,23.491987263588104,24.38532160071382,0
21.35544342218439,22.310705392789416,24.42897454683492,0
21.708972232235297,24.607417222734544,26.60397328864063,0
23.551186197071267,24.44056527591751,25.088435656286567,2
21.37766560651856,21.96107693193929,22.907982979681048,4
20.631730588551623,23.690080694371165,26.181096863939395,0
21.4627888320492,23.66235752820057,25.504704007848936,0
19.79909878560727,23.54821961604567,27.566885366133683,1
22.05105738289709,24.4239730354327,27.00613223639061,2
20.25719631129039,23.73905927610495,26.314412724767084,0
21.502140294191165,22.369819035075736,23.417488356837037,4
19.949445355397145,23.69643539185757,28.30743414407964,1
18.873260789066077,22.64030371316632,26.92527289101415,1
19.86326455935356,22.54398774420349,26.83437930531608,1
20.75959172824592,24.223328663961805,26.8997266773442,0
19.002648770592348,22.53520146291016,25.56172949164257,4
21.47947027927572,23.782348277432487,25.92636610821492,0
23.181834177744364,25.67888352179912,27.927944891260477,2
21.418965897473445,23.535127505718684,25.223226807660424,0
18.880102998844183,22.88661063589924,26.23024030157724,1
20.50771867987328,23.666831212944377,27.293781040236464,1
22.413939566598856,25.560992407848897,27.80009533171313,2
23.45152844735768,24.33441041319809,25.06876520164901,2
17.877140974905235,21.706350013185894,25.111273583362298,4
21.27456564118739,24.01268755447102,26.18720795786501,0
23.287695164974917,25.189791980990822,25.900241990266643,2
20.577423281596467,22.9915041900501,25.24244747433778,0
20.54034027192741,23.975717422939564,27.154157429018177,1
22.156576291905377,24.47342402279133,25.985785823623853,0
21.828877490297742,24.5376104454354,27.718085960007137,2
18.94240595806592,21.741574907280583,25.308019748751995,4
21.754885127195507,24.835811812030737,27.57054642753307,2
23.99127895800607,25.041870950276586,26.711800834987503,2
19.021868310376583,22.281960822100768,26.07247166232488,4
22.4289250030381,23.991869826131172,25.51921530102013,0
22.415032096398377,24.64668621404561,26.94339683478512,2
17.28065153216229,22.109088561838465,27.379111542798608,1
19.205764470233657,22.375685861164506,23.9461280075293,4
20.499436548579983,21.820389331403927,23.921684844409544,4
23.4315351269946,24.98109681358724,27.30176190131922,2
21.11492988101336,23.151776128501837,26.19779655540871,0
25.313592652617853,26.910929318152693,27.425854474532507,2
20.983033184925723,23.880220486965936,26.52534729450947,0
23.895909499021226,25.11619468285719,25.645645754382485,2
21.180211830947783,24.045811356189645,26.086175463839503,0
20.14501532895637,23.83330689809487,27.34418674020021,1
20.291769686127207,23.848594681384927,26.1339408757848,0
20.66008995144079,23.13299717330508,25.56523538119088,0
21.32081652237502,24.502101512338736,26.702261941130377,0
19.53672983215238,22.83809653964073,25.77541814928064,4
21.44895802315727,24.184920572435043,26.3759135953613,0
22.99550467529436,25.03710660380009,25.82946440301652,2
20.356700652100347,22.630979572740877,24.8104066601512,4
23.64937192610349,25.047429294380034,26.19897771125672,2
21.314236129219715,24.415821709815017,27.446591240275588,0
22.6604485458562,24.74801805733144,26.245387790610277,2
17.70511441974963,19.954829829910704,22.176131777567285,3
19.68242326353964,21.878634748808924,23.75496733079252,4
19.009375864762667,22.31458348099481,28.462346818622745,1
20.303536058287577,22.721038657859424,25.453537092851956,4
19.487678744108266,24.384948313921477,27.698661964935106,1
20.59303804412966,23.363614324445848,26.448401039460432,0
21.13416695256092,22.73678434287104,26.12752714244918,0
20.10384053219465,22.532854909969885,27.42379442827861,1
12.693317768564844,17.019338060206877,28.468596277857092,3
21.366268378392554,24.206152204075515,27.12736435008714,0
18.86223864965712,22.506591588179223,25.60575382209327,4
20.230018248618045,22.668229668278197,26.877393697441107,1
20.74612170528291,23.464045474121257,26.355585444654317,0
20.305680702109328,23.4491992878866,26.63995990395728,1
15.582322292967016,18.169317933146857,23.337965037437108,3
22.92128943735701,23.928927955606937,25.095246260045084,0
21.17534507367249,23.48817999866269,24.767275487473626,0
19.05361262283257,22.09473472626183,25.237812118067183,4
19.958725509875364,24.49256732123375,28.331650024270587,1
21.009772867519644,22.878024265917805,25.09388240203235,0
17.12079621044783,22.57846328595747,27.44213433193171,1
20.34564181540104,23.97527923266721,27.15797687981561,1
20.605489259988037,23.36883930724388,26.915710375198174,1
17.072671772929766,19.642942340353816,22.741611743308685,3
19.82078988673781,22.808624006922084,25.468342225964648,4
19.856351048034828,22.058886139115817,23.98800511804584,4
21.436162336129215,23.244994478027238,25.535237874713005,0
22.824478492612634,25.80957592984097,27.808160480307087,2
19.05346500441408,22.64644158197437,25.167757838730274,4
20.83736591131509,21.84273571860784,23.050350419750416,4
19.07427368814687,22.92132324201943,27.660000443129963,1
19.5108598514976,21.55411215699867,24.102270026912127,4
19.122918179160408,21.772694679353496,23.88496693102249,4
23.64913912527321,25.870755742174328,25.31417743022375,2
21.760714664950505,23.95812481534184,25.51652821983272,0
18.17079326847676,22.028342085302302,27.259875315055854,1
21.70251382931688,24.44861236841945,26.798216051386326,0
16.801141519427315,22.837915208617435,27.865461269832807,1
19.805719386685528,22.54762189741006,25.2653282987735,4
23.251291855714676,25.230195208966048,26.00071833736404,2
20.1645005370771,23.685119452513657,26.480825559629015,1
17.807103661272464,20.90883787412098,24.85107127921221,3
21.207912324605548,23.871602505479807,26.02248617795436,0
18.030159784256533,23.895135206831164,28.46909102542383,1
19.034786397774955,20.61906117490856,25.023705487895352,4
19.01163560407452,22.958414093267702,25.960555703636334,4
18.89829154881828,23.377255507303744,26.529995295305103,1
21.11043332250397,23.987496103060217,26.274594214290016,0
19.565588196842636,23.477727340767046,27.265371434277768,1
21.56330860288354,24.07029769933305,26.941175657926543,0
21.704432129643067,23.89446663216421,25.279184647183005,0
22.379316308550763,23.513976986101262,24.67180967345369,0
18.25071577175624,23.068846133463964,27.539811109792694,1
18.49307802890401,22.491354321377337,24.96866490013876,4
20.13345783658264,22.702978731609463,24.917395405150067,4
19.667120144969672,23.357721398587746,27.38133732130336,1
20.83025164754116,23.76546680050249,26.0442391877698,0
18.149023737415234,22.55527499919953,26.53515998801294,1
20.02048927947485,25.10768666529922,27.75932585276976,1
17.99028635818433,22.876487627722927,28.350186107329016,1
21.462150130458628,23.96757452457754,26.322991847453583,0
20.661090096362507,23.59506513836745,26.172175702525845,0
16.948806139093335,22.80799484870384,27.593515831279813,1
20.42129880070437,22.777533197713066,25.557428498480277,4
23.44882286668068,24.73714228916338,25.31701181076043,2
22.07017879041308,23.774151008561084,25.56055550009063,0
23.87686099348732,26.146270465771465,28.33238365754904,2
21.52517029061131,25.77974380079071,29.033108301053392,2
22.931974401087796,24.37576696863291,26.172628746492524,2
21.00051449263804,22.47149320679277,23.39239273824614,4
22.652160491777305,24.206054339227112,25.20788773058708,0
14.045932122984826,19.37547313772806,21.440643078199574,3
17.065828219826084,21.537966807439552,25.59756518594509,3
16.159171195788993,20.54838620770708,24.404124506052067,3
21.564750008116015,22.414438595065967,25.147892312123137,0
20.15607923510237,22.98505984342448,25.565746186201004,4
18.41953871951882,22.91164015435534,27.06860470875747,1
19.797333576518163,24.637638615012765,29.112295871843887,1
20.903844405135505,24.151202815222412,26.944683546547783,0
22.100582927276573,23.74713618880139,25.369443089774528,0
19.04332567703325,21.2785006320678,24.50914792390851,4
21.521775018981355,24.108658572917065,26.07588173442535,0
19.18488006168343,22.53745044367995,26.450377740898144,1
20.620907434286583,23.38274606743376,25.68462639408491,0
20.230563830633077,22.2314638243324,24.923089311122016,4
19.81407477853939,22.651916537416945,24.957331629586115,4
17.497774940785522,22.281411249403117,27.61989536925548,1
18.192352550370764,23.00909084231289,28.28571806751181,1
19.57623480283162,22.46790055574412,24.897224032826795,4
21.744082079204137,23.994958701308544,26.426949602048637,0
22.07130357464108,24.334753832140997,26.16424940551739,0
19.76368258855345,22.70905662729764,24.91070569434068,4
20.37700619129987,23.04805611722136,25.61895286854982,0
19.418026444746648,24.11313475507024,28.317285078647775,1
21.585990792276448,23.341079740612177,23.788073779343183,0
19.22847826035692,22.26976382899097,25.34590777800495,4
21.827196787110804,23.69525734311636,25.018287752417912,0
23.929540947912677,25.309914232278327,26.25108812430249,2
21.22717587901357,24.256611404486875,27.382340575255693,0
17.60636884381503,21.74740615028101,25.553355619082456,4
19.980302683765743,25.052430828562912,27.799801180287528,1
18.482288149981045,23.267307368089465,28.57284407178399,1
20.957150959306595,23.210778780489296,25.35344791250377,0
19.182052008739703,23.145984754040157,26.604051300837916,1
21.07932862741907,23.02676888770573,25.566686478638463,0
21.97139241160825,24.03930485821356,25.880069589975356,0
19.443314576258924,21.83739258610801,23.65161219408833,4
19.97612401108116,23.403833406464223,26.842119779287664,1
15.227300666802607,18.94971944114569,23.192427196298866,3
19.478251894564185,21.660368034672256,24.39658536922049,4
21.376366877558205,23.84844002221377,26.29877173477855,0
21.2436892128251,23.661067042510933,25.229163009747204,0
18.58622424290626,23.694692185076867,28.04817480357796,1
24.2765561122127,26.895091803890825,28.263442261255463,2
20.19639986094187,23.895633886488337,27.923306212548518,1
25.02439924405618,27.591936960798662,29.670783557236252,2
17.95187126037985,24.321997402451625,28.9324243106191,1
18.90128640608276,23.04232789156112,26.98146695518569,1
18.868237892634884,22.33491152231032,26.43046794303364,1
19.984799036614643,23.04944537047436,25.404796014819272,4
19.73994904427436,24.004200154120717,26.68123780360755,1
23.62900079665495,25.904162676079924,27.284213552722598,2
20.307012945866,23.30662080045648,25.95984089037636,0
19.118427418089816,21.78163824047565,24.225551001756152,4
20.56008181310106,23.623754932461047,26.845809368555805,1
21.01694514205679,23.565772572942528,26.6437729279424,0
16.370013820918146,19.96160406453857,25.37149928658098,3
21.951820950272584,22.99431898269578,24.104038731701515,0
21.713625238773734,23.38857486734021,25.879825782158203,0
20.746520093402463,23.598982905286714,26.254552211814445,0
20.846037770433337,24.08870940869102,27.1213201670929,0
21.961575199168657,24.806543139632936,27.45105335258532,2
18.677294228984948,22.901425404037816,24.38963472004299,4
19.02537758252993,21.967140559285397,25.17804678057344,4
20.38065010999186,22.234261763446675,24.88650182720141,4
18.66870190828604,23.156308193834512,28.031886523429748,1
22.26186884348908,24.344714462909515,25.79877348617347,0
20.85515301991649,23.72905014548611,24.89217054260646,0
21.702579390800505,24.09278603783863,25.496719794715972,0
23.310757590035088,24.943887553883187,26.086610714153974,2
19.897570228246877,25.17877564957684,28.476523247441005,1
23.060599476005365,23.333320333602344,23.944373825698865,0
19.17414119798348,22.827681866991718,25.442108680665623,4
17.709178531572668,19.22417134478642,25.09229920733413,3
22.078039882733684,24.161435773706724,26.220028030021567,0
21.502032152164237,24.46851471920328,26.918128439696616,0
19.09055778354784,23.242869014149687,26.79294663816324,1
21.296628815422405,24.46835041334754,27.63297648303334,0
19.33343806952044,22.437632151456835,25.16664425613446,4
20.267799460845005,22.70426607129911,24.72310319735383,4
20.188030963000624,24.639803972701948,28.882694133588767,1
19.168073437463285,22.687354698569667,26.957229332713656,1
18.87756150622493,22.825605769203086,26.19173739644732,1
20.0005238772552,22.36280413086964,25.440574277588304,4
19.695030199575395,22.357127068810254,24.100088550659187,4
16.833596168073182,20.498653228994375,23.84196654922568,3
20.30326707596832,22.87298597790613,25.275467593168436,4
17.860153798129737,21.57492805885205,25.783603804714684,4
22.60213687708129,24.104623443335544,25.618793789364457,0
17.95599936799654,19.99831265820924,21.078162889264533,3
22.754044371304406,25.11356650402596,26.93661452433685,2
20.10093054674003,24.00814139535299,27.50157109325267,1
19.4061117775664,22.692794621189925,25.607041561735347,4
19.461365231912797,23.407428601556557,27.111077536539156,1
19.55908942781532,24.57939382953658,28.651403959840614,1
21.56424434687126,23.41574297758022,27.734658260434497,0
23.05089517469149,23.746131786159356,25.30031988388614,0
21.41255888822479,23.055979280579937,24.592654956054048,0
20.66027682170107,22.97839665595284,26.00242655741266,0
21.1849543685391,24.064681549135887,26.63653768641962,0
20.175748737657827,23.1541968195206,26.494013196920136,1
23.82637049411148,26.68910810987559,29.08631751924934,2
21.30746830987809,27.35618540327135,30.46423481418416,2
21.181774989254592,23.59594283472664,25.24519591353563,0
24.888344597942503,27.241728028445863,28.262569022705904,2
19.7087590344876,23.24206984384547,26.432173824619746,1
20.68441703168337,24.360232873593688,27.38969421472924,1
15.83111688022023,19.039252889467573,23.764024538673304,3
19.590733647949623,23.770126620362944,28.07734161791459,1
19.67605562937729,22.3510665665498,24.78431874814636,4
20.912588088179685,23.2964380985805,25.06015824928854,0
25.123293662777424,24.358126285197,25.137099806702626,2
21.42007890459533,23.59499244313617,25.25906245673418,0
21.371863684756367,23.45730401854893,25.869674808423447,0
21.699597250720725,24.77751194786546,27.62828409165668,2
21.048690466115204,24.422311577165477,28.153598613025736,1
24.21791847048661,25.807216639619487,27.10548723107009,2
21.537851072262637,24.41547656237648,26.361557740546026,0
23.3810994111268,24.68085831649162,25.674411813919225,2
20.926820234457715,24.017081057296647,26.467260301666517,0
16.830434484037205,18.836707782344966,22.036564736992325,3
20.238723891575685,22.48200549659812,23.681278485668205,4
19.919507265515183,24.087002245239358,28.140740332366825,1
19.35753469015097,22.9393958179271,26.41011186384545,1
19.29836141419368,22.329677484022497,24.33212827756388,4
17.18613976369902,22.37904089388208,27.822731016118443,1
18.789927120842027,21.805377542062253,25.199138818413587,4
18.296167409528334,21.637496107075105,25.13912009653613,4
20.69155974329859,23.062918272964676,25.02539713304613,0
23.005349468177467,24.974562025927195,26.9183376818942,2
19.02869394933937,22.537805489775643,26.02654138821307,4
22.083278282013,23.58240849625469,25.590303050770736,0
19.64261325192556,22.12341288650854,25.09476198268616,4
19.254258779942194,22.30570097434057,25.734575710816834,4
21.04530613153231,23.55514049358248,25.975923095051726,0
20.47301515948685,23.451934518510587,26.26275797986524,0
22.797694007261285,24.17580937794032,25.306166024152024,0
15.750625806282631,19.511881129166596,26.646449975198987,3
17.627432889804236,22.054865548817563,25.92202994589165,4
18.564678145199316,21.85432789782591,28.212226688997607,1
20.321847828617862,22.742276502786147,24.983223801160378,4
22.706672565575275,23.70217666557243,24.71796717695401,0
24.467036126513943,25.46240073888128,26.586214414926197,2
18.371987566707663,21.22746146977448,24.37280300675833,4
16.004583087231993,20.74974482901269,27.089090491504408,3
22.03276002045279,24.341069570587457,26.346597993892704,0
21.586918287397182,23.806266357965814,25.0420668211545,0
20.75778407757684,23.6107046394255,26.250507277227086,0
20.838984505457866,22.89907300282797,24.689766794900383,0
18.33471997024076,22.94175400614725,27.94523205144954,1
19.166691106286017,22.503235419283637,25.680388110794112,4
23.130143133040857,24.693415364456964,25.09561635426016,2
17.32259801218809,21.384824226955867,26.14221393411223,4
18.67026198281036,22.2227219787275,25.55100225986437,4
21.88564490415438,24.182158418921787,25.240942723990624,0
20.55236051935774,23.21082544938456,25.780569759034087,0
21.166057475707,24.12076032197068,25.39953583571236,0
21.842524409560674,24.17962645017019,26.347961716216577,0
17.88165215383505,22.870220008540254,26.76613349572754,1
21.32863087889188,22.96149305750323,25.537799317416425,0
19.49316726784425,22.3431806019356,25.574413772026958,4
20.865400467339565,23.5699286344624,26.25367548966109,0
23.047109741026297,24.346086197921004,24.93978176895555,0
22.531348249430057,24.813376855767647,26.86915166189828,2
15.735803946265806,19.053105310253283,23.128822699265683,3
18.681887275083717,21.838598578279434,25.55374123849957,4
18.91743267308909,22.47285993360344,25.76445248026404,4
19.78436394429513,22.60223967992715,25.205593289411368,4
21.788778433721983,23.514795153844677,25.17310946320278,0
19.8013997693288,21.871595484383665,26.04143642038703,4
18.25429409434941,22.167748040044028,26.8128094208692,1
19.336276520434264,22.227935857565104,23.46018093098461,4
18.015405217531185,22.469228535308588,26.72698740292053,1
22.364302682314506,25.16367628503535,27.17955931767277,2
19.74079880186329,23.534116827795422,27.80732681421992,1
17.451573599856733,21.452686627045487,24.80694597820943,3
21.091211165293192,23.737329244815985,26.40896171158344,0
20.85814636837572,23.552065361201603,27.224048232583197,1
17.82268977704058,20.489847872724106,24.18425475653465,3
20.216207232639785,22.9865639531464,27.197571062409505,1
21.32626297452081,24.055482662443904,26.695675100974917,0
20.253188857919667,23.14906069282466,26.26981700688368,1
16.061863616046292,19.87202786716805,23.859604434700376,3
19.08180719576698,21.891579431450843,25.25224800214414,4
21.6965435059332,24.13908976723464,25.94136766557284,0
20.609592465249577,23.52853704547319,26.595758494558915,0
19.471636522633236,21.62665559806741,23.98126939209919,4
21.04608118427404,21.93402794435829,23.719939404505325,4
22.33522464048997,22.895816628548804,26.296943863327304,0
19.57745985486379,22.61279042384261,25.104795079952755,4
22.803431427818893,24.169303533837823,26.231230111730277,2
22.05758987670488,24.26644232123131,27.81180591045551,2
19.951087785243654,22.96228337195865,25.58644720239518,4
20.15467472347421,23.32525607926829,26.226443296505987,1
22.922927459675247,24.887709970869548,24.141646738060185,0
18.806957378457867,22.21534867116019,25.002697533748023,4
20.53454673106398,22.6113966829617,24.439979230147543,4
21.47134084470831,23.661492866594227,25.54528546243609,0
18.848517296812027,22.61870652855797,26.319921699990378,1
21.995920747611542,25.3926044276536,27.70431670653145,2
21.327673380566008,23.431048219965184,23.219219242051103,0
20.90532229141779,23.57699530874744,25.70102739679487,0
21.4832263941689,22.963853777886893,24.538226693130422,0
20.09582249135798,23.426438363091727,25.43085476311624,0
20.5698856356513,23.29474695065236,25.978775179684103,0
20.19059627924016,21.93187241783033,24.30868529957841,4
22.165683513469823,25.00323925700888,26.934711291696185,2
20.301032292340388,23.95511396087233,28.06874308003133,1
18.68818048910257,22.534936216869767,26.443917344101475,1
21.22231936505258,25.22396023780376,28.66835322003533,2
19.94689122467065,21.547939988063497,28.55455739427579,1
22.943773658935285,24.56930451894687,25.45756318516436,2
20.787588425086856,23.351941512593957,25.870115049019304,0
20.170904887989845,22.72541288792831,25.60821874017278,4
24.29830633691892,26.749399648861974,29.303382703797308,2
15.38741722908288,18.614454064741476,22.423336223378705,3
20.97951457461697,23.819832141549075,25.480945119254955,0
21.571346563558183,24.041541729557814,26.70235831173516,0
